time,rmb_hk,rmb_us,rmb_tw
1/1/2010,1.1338,0.14619,4.67656
1/2/2010,1.1338,0.14619,4.67656
1/3/2010,1.1338,0.14619,4.67656
1/4/2010,1.1343,0.14618,4.62453
1/5/2010,1.134,0.14618,4.66094
1/6/2010,1.1339,0.14617,4.65927
1/7/2010,1.1338,0.14617,4.65635
1/8/2010,1.1339,0.14618,4.65868
1/9/2010,1.1339,0.14618,4.65868
1/10/2010,1.1339,0.14618,4.65868
1/11/2010,1.1339,0.14619,4.64307
1/12/2010,1.1339,0.14618,4.64931
1/13/2010,1.1339,0.14619,4.64659
1/14/2010,1.1342,0.14618,4.64105
1/15/2010,1.1346,0.14619,4.64857
1/16/2010,1.1347,0.14619,4.64857
1/17/2010,1.1348,0.14621,4.64918
1/18/2010,1.1349,0.14618,4.64529
1/19/2010,1.1349,0.14618,4.65523
1/20/2010,1.1355,0.14618,4.67336
1/21/2010,1.1361,0.14619,4.66486
1/22/2010,1.1362,0.14619,4.67649
1/23/2010,1.1361,0.14619,4.67649
1/24/2010,1.1361,0.14619,4.67649
1/25/2010,1.1358,0.14619,4.67364
1/26/2010,1.1368,0.14619,4.68533
1/27/2010,1.137,0.14619,4.68892
1/28/2010,1.1358,0.14619,4.67576
1/29/2010,1.1361,0.14619,4.6729
1/30/2010,1.1356,0.14619,4.6729
1/31/2010,1.1356,0.14619,4.6729
2/1/2010,1.1358,0.14618,4.68133
2/2/2010,1.1357,0.14618,4.68592
2/3/2010,1.1355,0.14619,4.67743
2/4/2010,1.1361,0.14619,4.68205
2/5/2010,1.1364,0.14618,4.70267
2/6/2010,1.1362,0.14618,4.70267
2/7/2010,1.1362,0.14618,4.70267
2/8/2010,1.1362,0.1462,4.69431
2/9/2010,1.1361,0.14619,4.69052
2/10/2010,1.1358,0.14613,4.6856
2/11/2010,1.1351,0.14605,4.67709
2/12/2010,1.1355,0.1461,4.6788
2/13/2010,1.1353,0.1461,4.6788
2/14/2010,1.1353,0.1461,4.6788
2/15/2010,1.1355,0.1461,4.6788
2/16/2010,1.1355,0.1461,4.6788
2/17/2010,1.1353,0.1461,4.68099
2/18/2010,1.1351,0.1461,4.67953
2/19/2010,1.1349,0.1461,4.68684
2/20/2010,1.1348,0.1461,4.68684
2/21/2010,1.1348,0.1461,4.68684
2/22/2010,1.1353,0.1462,4.68707
2/23/2010,1.1349,0.1462,4.69138
2/24/2010,1.1353,0.14618,4.68739
2/25/2010,1.1352,0.14618,4.69177
2/26/2010,1.1352,0.14621,4.68983
2/27/2010,1.1349,0.1462,4.68948
2/28/2010,1.1349,0.1462,4.68948
3/1/2010,1.1352,0.1462,4.68202
3/2/2010,1.1353,0.14619,4.68327
3/3/2010,1.1353,0.14621,4.67592
3/4/2010,1.1352,0.1462,4.67823
3/5/2010,1.1352,0.1462,4.66214
3/6/2010,1.1351,0.1462,4.66214
3/7/2010,1.1351,0.1462,4.66214
3/8/2010,1.1348,0.1462,4.65856
3/9/2010,1.1347,0.1462,4.6557
3/10/2010,1.1347,0.14621,4.64129
3/11/2010,1.1347,0.1462,4.64753
3/12/2010,1.1347,0.14622,4.63884
3/13/2010,1.1344,0.14622,4.63884
3/14/2010,1.1344,0.14622,4.63884
3/15/2010,1.1346,0.1462,4.65431
3/16/2010,1.1348,0.14621,4.65202
3/17/2010,1.1351,0.14621,4.6369
3/18/2010,1.1349,0.14621,4.64355
3/19/2010,1.1347,0.1462,4.64022
3/20/2010,1.1346,0.1462,4.64022
3/21/2010,1.1346,0.1462,4.64022
3/22/2010,1.1349,0.1462,4.64832
3/23/2010,1.1351,0.1462,4.65337
3/24/2010,1.1349,0.1462,4.65264
3/25/2010,1.1349,0.14619,4.6547
3/26/2010,1.1351,0.14619,4.65989
3/27/2010,1.1349,0.14619,4.65989
3/28/2010,1.1349,0.14619,4.65989
3/29/2010,1.1353,0.1462,4.65344
3/30/2010,1.1355,0.14621,4.65006
3/31/2010,1.1353,0.14621,4.64113
4/1/2010,1.1356,0.14621,4.64099
4/2/2010,1.1358,0.14621,4.64126
4/3/2010,1.136,0.14621,4.64126
4/4/2010,1.136,0.14621,4.64126
4/5/2010,1.136,0.14621,4.63498
4/6/2010,1.1357,0.14622,4.63139
4/7/2010,1.1355,0.14622,4.61384
4/8/2010,1.1352,0.14625,4.60615
4/9/2010,1.1348,0.14626,4.60276
4/10/2010,1.1346,0.14626,4.60276
4/11/2010,1.1346,0.14626,4.60276
4/12/2010,1.1346,0.14621,4.60786
4/13/2010,1.1349,0.14622,4.61757
4/14/2010,1.1348,0.14621,4.58945
4/15/2010,1.1349,0.14621,4.59025
4/16/2010,1.1352,0.14622,4.58314
4/17/2010,1.1351,0.14622,4.58314
4/18/2010,1.1351,0.14622,4.58314
4/19/2010,1.1349,0.14619,4.60025
4/20/2010,1.1353,0.14622,4.59351
4/21/2010,1.1352,0.14619,4.58446
4/22/2010,1.1349,0.1462,4.59137
4/23/2010,1.1351,0.14618,4.58645
4/24/2010,1.1351,0.14618,4.58645
4/25/2010,1.1351,0.14618,4.58645
4/26/2010,1.1353,0.1462,4.57808
4/27/2010,1.1355,0.14622,4.58241
4/28/2010,1.136,0.14622,4.60199
4/29/2010,1.1356,0.14621,4.58287
4/30/2010,1.1355,0.14622,4.58261
5/1/2010,1.1355,0.14622,4.58261
5/2/2010,1.1355,0.14622,4.58261
5/3/2010,1.1356,0.14622,4.59211
5/4/2010,1.1352,0.1462,4.59416
5/5/2010,1.1356,0.1462,4.6133
5/6/2010,1.1364,0.1462,4.63012
5/7/2010,1.1378,0.14621,4.63199
5/8/2010,1.138,0.14621,4.63199
5/9/2010,1.138,0.14621,4.63199
5/10/2010,1.1374,0.1462,4.60586
5/11/2010,1.1377,0.14616,4.62598
5/12/2010,1.1378,0.1462,4.63364
5/13/2010,1.1379,0.14618,4.63037
5/14/2010,1.138,0.1462,4.63583
5/15/2010,1.1387,0.1462,4.63583
5/16/2010,1.1387,0.1462,4.63583
5/17/2010,1.1403,0.14618,4.65934
5/18/2010,1.1397,0.14618,4.65669
5/19/2010,1.1408,0.14618,4.6847
5/20/2010,1.1408,0.14617,4.69435
5/21/2010,1.141,0.14617,4.70013
5/22/2010,1.1409,0.14617,4.70013
5/23/2010,1.1409,0.14617,4.70013
5/24/2010,1.1405,0.14616,4.69307
5/25/2010,1.1401,0.1461,4.71314
5/26/2010,1.1399,0.14615,4.71684
5/27/2010,1.1382,0.1461,4.6804
5/28/2010,1.1378,0.14609,4.67808
5/29/2010,1.1378,0.14609,4.67808
5/30/2010,1.1378,0.14609,4.67808
5/31/2010,1.1392,0.14617,4.67588
6/1/2010,1.1391,0.14612,4.72581
6/2/2010,1.1392,0.14613,4.70482
6/3/2010,1.1391,0.14616,4.71491
6/4/2010,1.139,0.14615,4.7145
6/5/2010,1.139,0.14615,4.7145
6/6/2010,1.139,0.14615,4.7145
6/7/2010,1.1404,0.1461,4.73724
6/8/2010,1.1408,0.14613,4.73375
6/9/2010,1.1405,0.14616,4.73779
6/10/2010,1.1388,0.14612,4.7334
6/11/2010,1.1388,0.14608,4.73516
6/12/2010,1.1382,0.14608,4.73516
6/13/2010,1.1382,0.14608,4.73516
6/14/2010,1.1383,0.14608,4.70463
6/15/2010,1.1384,0.14608,4.71222
6/16/2010,1.1383,0.14608,4.7077
6/17/2010,1.1384,0.14614,4.70962
6/18/2010,1.1386,0.14621,4.70422
6/19/2010,1.1386,0.14621,4.70415
6/20/2010,1.1386,0.14621,4.70415
6/21/2010,1.1416,0.14682,4.66246
6/22/2010,1.1397,0.14649,4.69956
6/23/2010,1.14,0.14651,4.69878
6/24/2010,1.1419,0.14679,4.70173
6/25/2010,1.1435,0.14698,4.71398
6/26/2010,1.1434,0.14698,4.71398
6/27/2010,1.1434,0.14698,4.71398
6/28/2010,1.1434,0.14686,4.70708
6/29/2010,1.1432,0.14683,4.73042
6/30/2010,1.1459,0.14717,4.75034
7/1/2010,1.1471,0.14718,4.7431
7/2/2010,1.1489,0.1474,4.75319
7/3/2010,1.1489,0.1474,4.75319
7/4/2010,1.1489,0.1474,4.75319
7/5/2010,1.1476,0.14731,4.74413
7/6/2010,1.1469,0.1472,4.74373
7/7/2010,1.1469,0.1472,4.73917
7/8/2010,1.1477,0.14728,4.72657
7/9/2010,1.1471,0.14734,4.72241
7/10/2010,1.145,0.14734,4.72241
7/11/2010,1.145,0.14734,4.72241
7/12/2010,1.1465,0.1474,4.73476
7/13/2010,1.1463,0.14737,4.74159
7/14/2010,1.1451,0.1473,4.73486
7/15/2010,1.1446,0.14725,4.73002
7/16/2010,1.1453,0.14731,4.7319
7/17/2010,1.1453,0.14731,4.7319
7/18/2010,1.1453,0.14731,4.7319
7/19/2010,1.1452,0.14725,4.73318
7/20/2010,1.1451,0.14724,4.73143
7/21/2010,1.1455,0.14728,4.74652
7/22/2010,1.1447,0.1472,4.73151
7/23/2010,1.1438,0.1472,4.73151
7/24/2010,1.1432,0.1472,4.73151
7/25/2010,1.1432,0.1472,4.73151
7/26/2010,1.1436,0.14722,4.72455
7/27/2010,1.144,0.14723,4.71445
7/28/2010,1.1439,0.14725,4.71661
7/29/2010,1.1442,0.14728,4.71015
7/30/2010,1.1442,0.14731,4.71231
7/31/2010,1.1444,0.14731,4.71231
8/1/2010,1.1444,0.14731,4.71231
8/2/2010,1.1442,0.14733,4.68141
8/3/2010,1.144,0.14735,4.68224
8/4/2010,1.1443,0.14737,4.69192
8/5/2010,1.1446,0.14738,4.68475
8/6/2010,1.1448,0.14745,4.67502
8/7/2010,1.1448,0.14745,4.67502
8/8/2010,1.1448,0.14745,4.67502
8/9/2010,1.145,0.14748,4.67163
8/10/2010,1.1444,0.14737,4.68293
8/11/2010,1.1442,0.14731,4.69419
8/12/2010,1.1427,0.14709,4.69935
8/13/2010,1.1416,0.14685,4.69029
8/14/2010,1.1416,0.14685,4.69029
8/15/2010,1.1416,0.14685,4.69029
8/16/2010,1.14,0.14664,4.68195
8/17/2010,1.1418,0.14694,4.69305
8/18/2010,1.1425,0.14698,4.68693
8/19/2010,1.1423,0.14698,4.69296
8/20/2010,1.1431,0.14698,4.6959
8/21/2010,1.143,0.14698,4.6959
8/22/2010,1.143,0.14698,4.6959
8/23/2010,1.1416,0.14679,4.68823
8/24/2010,1.1421,0.14683,4.70003
8/25/2010,1.1419,0.1468,4.70676
8/26/2010,1.1417,0.14679,4.70313
8/27/2010,1.1423,0.14681,4.70242
8/28/2010,1.1422,0.14681,4.70242
8/29/2010,1.1422,0.14681,4.70242
8/30/2010,1.1416,0.1467,4.6975
8/31/2010,1.1409,0.1466,4.69873
9/1/2010,1.1399,0.14653,4.69039
9/2/2010,1.1403,0.14664,4.69089
9/3/2010,1.1406,0.1467,4.68239
9/4/2010,1.1403,0.1467,4.68239
9/5/2010,1.1403,0.1467,4.68239
9/6/2010,1.1423,0.14704,4.68263
9/7/2010,1.1421,0.14698,4.70339
9/8/2010,1.1423,0.1469,4.69167
9/9/2010,1.1434,0.14713,4.69029
9/10/2010,1.1457,0.14746,4.68865
9/11/2010,1.1456,0.14746,4.68865
9/12/2010,1.1456,0.14746,4.68865
9/13/2010,1.1467,0.14761,4.68308
9/14/2010,1.1493,0.14793,4.68728
9/15/2010,1.1501,0.14804,4.70111
9/16/2010,1.153,0.1484,4.70965
9/17/2010,1.1527,0.14843,4.7018
9/18/2010,1.1527,0.14843,4.7018
9/19/2010,1.1527,0.14843,4.7018
9/20/2010,1.1546,0.14867,4.70772
9/21/2010,1.1555,0.14882,4.70355
9/22/2010,1.1554,0.14885,4.69249
9/23/2010,1.1553,0.14885,4.69993
9/24/2010,1.1551,0.14885,4.6718
9/25/2010,1.1549,0.14885,4.6718
9/26/2010,1.1549,0.14885,4.6718
9/27/2010,1.1573,0.14915,4.67858
9/28/2010,1.1575,0.14916,4.68603
9/29/2010,1.1581,0.14925,4.65978
9/30/2010,1.1579,0.14918,4.6545
10/1/2010,1.1578,0.14918,4.66912
10/2/2010,1.1578,0.14918,4.66912
10/3/2010,1.1578,0.14918,4.66912
10/4/2010,1.1579,0.14918,4.66032
10/5/2010,1.1574,0.14918,4.62422
10/6/2010,1.1573,0.14918,4.60572
10/7/2010,1.1573,0.14918,4.59856
10/8/2010,1.1609,0.14962,4.61666
10/9/2010,1.161,0.14962,4.61666
10/10/2010,1.161,0.14962,4.61666
10/11/2010,1.1616,0.14968,4.6196
10/12/2010,1.1609,0.14956,4.63605
10/13/2010,1.1624,0.14975,4.62053
10/14/2010,1.1647,0.15005,4.60424
10/15/2010,1.1665,0.1503,4.60899
10/16/2010,1.1662,0.1503,4.60899
10/17/2010,1.1662,0.1503,4.60899
10/18/2010,1.1658,0.15021,4.6247
10/19/2010,1.1655,0.15019,4.64698
10/20/2010,1.165,0.15003,4.62357
10/21/2010,1.1655,0.1501,4.61702
10/22/2010,1.1643,0.1499,4.62354
10/23/2010,1.1637,0.1499,4.62354
10/24/2010,1.1637,0.1499,4.62354
10/25/2010,1.1636,0.1499,4.56163
10/26/2010,1.1624,0.14981,4.59245
10/27/2010,1.1592,0.14937,4.59325
10/28/2010,1.1582,0.14925,4.57391
10/29/2010,1.1608,0.14962,4.57958
10/30/2010,1.16,0.14962,4.57958
10/31/2010,1.16,0.14962,4.57958
11/1/2010,1.1555,0.14902,4.54891
11/2/2010,1.1587,0.14945,4.55232
11/3/2010,1.159,0.14949,4.5466
11/4/2010,1.1617,0.14985,4.5273
11/5/2010,1.1628,0.14996,4.52784
11/6/2010,1.1625,0.14996,4.52784
11/7/2010,1.1625,0.14996,4.52784
11/8/2010,1.1587,0.14943,4.5174
11/9/2010,1.1648,0.15023,4.52789
11/10/2010,1.1663,0.15044,4.53808
11/11/2010,1.168,0.15064,4.54017
11/12/2010,1.1658,0.15036,4.54397
11/13/2010,1.1656,0.15036,4.54397
11/14/2010,1.1656,0.15036,4.54397
11/15/2010,1.1648,0.15021,4.54223
11/16/2010,1.1659,0.15035,4.54768
11/17/2010,1.1655,0.15025,4.57511
11/18/2010,1.1669,0.15044,4.5614
11/19/2010,1.1659,0.15032,4.55797
11/20/2010,1.1659,0.15032,4.55797
11/21/2010,1.1659,0.15032,4.55797
11/22/2010,1.1655,0.15026,4.56148
11/23/2010,1.1658,0.15022,4.58554
11/24/2010,1.164,0.15001,4.57345
11/25/2010,1.1646,0.15007,4.56121
11/26/2010,1.1627,0.14972,4.56036
11/27/2010,1.1627,0.14972,4.56036
11/28/2010,1.1627,0.14972,4.56036
11/29/2010,1.1633,0.14985,4.57406
11/30/2010,1.1629,0.14971,4.56286
12/1/2010,1.1636,0.14977,4.55233
12/2/2010,1.1646,0.14983,4.54849
12/3/2010,1.1636,0.14977,4.53301
12/4/2010,1.1629,0.14977,4.53301
12/5/2010,1.1629,0.14977,4.53301
12/6/2010,1.1658,0.15011,4.52686
12/7/2010,1.1663,0.1502,4.5226
12/8/2010,1.1643,0.14983,4.52242
12/9/2010,1.1654,0.14996,4.52784
12/10/2010,1.166,0.14995,4.5275
12/11/2010,1.166,0.14995,4.5275
12/12/2010,1.166,0.14995,4.5275
12/13/2010,1.1648,0.14974,4.49665
12/14/2010,1.1663,0.14998,4.48484
12/15/2010,1.1663,0.15001,4.4845
12/16/2010,1.1654,0.14984,4.47421
12/17/2010,1.1665,0.14995,4.48552
12/18/2010,1.1665,0.14995,4.48552
12/19/2010,1.1665,0.14995,4.48552
12/20/2010,1.1632,0.14953,4.47546
12/21/2010,1.1656,0.14989,4.48215
12/22/2010,1.1681,0.15018,4.48564
12/23/2010,1.1689,0.15023,4.48726
12/24/2010,1.1722,0.1506,4.45944
12/25/2010,1.1722,0.1506,4.45944
12/26/2010,1.1722,0.1506,4.45944
12/27/2010,1.1714,0.15051,4.43995
12/28/2010,1.1726,0.15066,4.44416
12/29/2010,1.1736,0.15076,4.43014
12/30/2010,1.1773,0.15121,4.40725
12/31/2010,1.1776,0.15144,4.41786
1/1/2011,1.1774,0.15144,4.41786
1/2/2011,1.1774,0.15144,4.41786
1/3/2011,1.1774,0.15144,4.40756
1/4/2011,1.1736,0.15101,4.40518
1/5/2011,1.1722,0.15079,4.39874
1/6/2011,1.1712,0.15062,4.40664
1/7/2011,1.171,0.15057,4.42076
1/8/2011,1.1704,0.15057,4.42076
1/9/2011,1.1704,0.15057,4.42076
1/10/2011,1.1695,0.15039,4.40499
1/11/2011,1.1729,0.15077,4.39935
1/12/2011,1.1754,0.15114,4.41689
1/13/2011,1.1754,0.15111,4.37865
1/14/2011,1.1784,0.15151,4.42502
1/15/2011,1.1781,0.15151,4.42502
1/16/2011,1.1781,0.15151,4.42502
1/17/2011,1.1772,0.15135,4.3946
1/18/2011,1.1792,0.1516,4.39041
1/19/2011,1.1795,0.15164,4.40172
1/20/2011,1.1795,0.15155,4.43239
1/21/2011,1.1806,0.1516,4.41081
1/22/2011,1.1812,0.1516,4.41081
1/23/2011,1.1812,0.1516,4.41081
1/24/2011,1.1827,0.15166,4.40618
1/25/2011,1.1816,0.15163,4.40138
1/26/2011,1.1812,0.15163,4.40659
1/27/2011,1.1816,0.15163,4.40381
1/28/2011,1.1806,0.15154,4.40656
1/29/2011,1.1811,0.15154,4.40656
1/30/2011,1.1811,0.15154,4.40656
1/31/2011,1.1786,0.15111,4.38763
2/1/2011,1.1805,0.15147,4.39672
2/2/2011,1.1795,0.15147,4.39672
2/3/2011,1.1797,0.15147,4.39672
2/4/2011,1.1794,0.15147,4.39672
2/5/2011,1.1795,0.15147,4.39672
2/6/2011,1.1795,0.15147,4.39672
2/7/2011,1.1791,0.15147,4.39793
2/8/2011,1.1791,0.15147,4.38399
2/9/2011,1.1791,0.1514,4.36429
2/10/2011,1.1802,0.15152,4.38667
2/11/2011,1.1801,0.1514,4.43847
2/12/2011,1.1806,0.1514,4.43847
2/13/2011,1.1806,0.1514,4.43847
2/14/2011,1.1794,0.15129,4.44196
2/15/2011,1.1809,0.15148,4.45779
2/16/2011,1.1815,0.15157,4.46049
2/17/2011,1.1805,0.15156,4.45879
2/18/2011,1.1825,0.15183,4.46427
2/19/2011,1.1822,0.15183,4.46427
2/20/2011,1.1822,0.15183,4.46427
2/21/2011,1.1833,0.15198,4.46071
2/22/2011,1.1822,0.15169,4.47999
2/23/2011,1.1832,0.15181,4.48994
2/24/2011,1.1827,0.15171,4.52175
2/25/2011,1.183,0.15179,4.51474
2/26/2011,1.1833,0.15179,4.51474
2/27/2011,1.1833,0.15179,4.51474
2/28/2011,1.1833,0.15187,4.51871
3/1/2011,1.1833,0.1519,4.48742
3/2/2011,1.1836,0.15185,4.50056
3/3/2011,1.1833,0.15187,4.48115
3/4/2011,1.1839,0.15194,4.46501
3/5/2011,1.1834,0.15194,4.46501
3/6/2011,1.1834,0.15194,4.46501
3/7/2011,1.1844,0.15206,4.46315
3/8/2011,1.1839,0.15196,4.47072
3/9/2011,1.1832,0.15185,4.45698
3/10/2011,1.183,0.15183,4.47597
3/11/2011,1.183,0.15181,4.48864
3/12/2011,1.1825,0.15181,4.48864
3/13/2011,1.1825,0.15181,4.48864
3/14/2011,1.1839,0.15191,4.47842
3/15/2011,1.1843,0.15186,4.48619
3/16/2011,1.1843,0.15187,4.48667
3/17/2011,1.1846,0.15181,4.48756
3/18/2011,1.1853,0.15192,4.49601
3/19/2011,1.1851,0.15192,4.49601
3/20/2011,1.1851,0.15192,4.49601
3/21/2011,1.1862,0.1521,4.49077
3/22/2011,1.1872,0.15224,4.49732
3/23/2011,1.1861,0.15215,4.50018
3/24/2011,1.1858,0.15209,4.48919
3/25/2011,1.1867,0.15221,4.48074
3/26/2011,1.1867,0.15221,4.48074
3/27/2011,1.1867,0.15221,4.48074
3/28/2011,1.1864,0.15207,4.48168
3/29/2011,1.1865,0.15212,4.48339
3/30/2011,1.1857,0.15223,4.48783
3/31/2011,1.1862,0.15243,4.48176
4/1/2011,1.1864,0.15242,4.45806
4/2/2011,1.1858,0.15242,4.45806
4/3/2011,1.1858,0.15242,4.45806
4/4/2011,1.1858,0.15242,4.45806
4/5/2011,1.1857,0.15242,4.46858
4/6/2011,1.186,0.15251,4.42818
4/7/2011,1.186,0.15254,4.41897
4/8/2011,1.1867,0.15271,4.41735
4/9/2011,1.1867,0.15271,4.41735
4/10/2011,1.1867,0.15271,4.41735
4/11/2011,1.1862,0.15264,4.41395
4/12/2011,1.1864,0.1526,4.43853
4/13/2011,1.1879,0.15276,4.43548
4/14/2011,1.1885,0.1528,4.44456
4/15/2011,1.1885,0.15281,4.43056
4/16/2011,1.1882,0.15281,4.43056
4/17/2011,1.1882,0.15281,4.43056
4/18/2011,1.1895,0.15287,4.44647
4/19/2011,1.1892,0.15283,4.44667
4/20/2011,1.1896,0.15295,4.43585
4/21/2011,1.1895,0.15307,4.42017
4/22/2011,1.1925,0.1534,4.4335
4/23/2011,1.1923,0.1534,4.4335
4/24/2011,1.1923,0.1534,4.4335
4/25/2011,1.1886,0.1529,4.42042
4/26/2011,1.1895,0.153,4.4463
4/27/2011,1.1915,0.15329,4.42401
4/28/2011,1.1933,0.15353,4.40286
4/29/2011,1.1949,0.15376,4.41086
4/30/2011,1.1945,0.15378,4.4112
5/1/2011,1.1945,0.15378,4.4112
5/2/2011,1.1945,0.15378,4.4112
5/3/2011,1.1935,0.15362,4.38892
5/4/2011,1.1945,0.1537,4.39149
5/5/2011,1.1949,0.15369,4.40006
5/6/2011,1.1947,0.15369,4.39745
5/7/2011,1.1947,0.15369,4.39745
5/8/2011,1.1947,0.15369,4.39745
5/9/2011,1.1949,0.15369,4.39745
5/10/2011,1.195,0.15374,4.39511
5/11/2011,1.195,0.15373,4.38217
5/12/2011,1.1942,0.1536,4.39229
5/13/2011,1.194,0.15361,4.39893
5/14/2011,1.1942,0.15361,4.39893
5/15/2011,1.1942,0.15361,4.39893
5/16/2011,1.1935,0.15341,4.41973
5/17/2011,1.1935,0.15345,4.42719
5/18/2011,1.1933,0.15346,4.42629
5/19/2011,1.1932,0.15346,4.42231
5/20/2011,1.1953,0.15375,4.43081
5/21/2011,1.1956,0.15375,4.43081
5/22/2011,1.1956,0.15375,4.43081
5/23/2011,1.193,0.1534,4.43596
5/24/2011,1.1947,0.15361,4.44347
5/25/2011,1.1959,0.15372,4.45039
5/26/2011,1.1967,0.15374,4.442
5/27/2011,1.197,0.1538,4.44125
5/28/2011,1.1973,0.1538,4.44125
5/29/2011,1.1973,0.1538,4.44125
5/30/2011,1.1979,0.15394,4.43765
5/31/2011,1.1986,0.15407,4.41337
6/1/2011,1.1986,0.15407,4.40336
6/2/2011,1.1982,0.15396,4.41766
6/3/2011,1.1982,0.15402,4.41463
6/4/2011,1.1982,0.15402,4.41463
6/5/2011,1.1982,0.15402,4.41463
6/6/2011,1.1982,0.15402,4.41078
6/7/2011,1.1985,0.15404,4.41621
6/8/2011,1.1993,0.15412,4.42491
6/9/2011,1.1993,0.15411,4.426
6/10/2011,1.1988,0.15401,4.42324
6/11/2011,1.1989,0.15397,4.42202
6/12/2011,1.1989,0.15397,4.42202
6/13/2011,1.1986,0.15398,4.4318
6/14/2011,1.1992,0.15407,4.43419
6/15/2011,1.1993,0.15401,4.43255
6/16/2011,1.2029,0.15424,4.44815
6/17/2011,1.2029,0.15428,4.44952
6/18/2011,1.2029,0.15428,4.44952
6/19/2011,1.2029,0.15428,4.44952
6/20/2011,1.2011,0.15408,4.4561
6/21/2011,1.2028,0.15441,4.47044
6/22/2011,1.2031,0.15445,4.45757
6/23/2011,1.2024,0.15434,4.45201
6/24/2011,1.2009,0.1542,4.45183
6/25/2011,1.2009,0.1542,4.45183
6/26/2011,1.2009,0.1542,4.45183
6/27/2011,1.2002,0.15411,4.45222
6/28/2011,1.2016,0.15431,4.46579
6/29/2011,1.2022,0.15447,4.47062
6/30/2011,1.2022,0.15447,4.46583
7/1/2011,1.2018,0.1544,4.45558
7/2/2011,1.2015,0.1544,4.45558
7/3/2011,1.2015,0.1544,4.45558
7/4/2011,1.2018,0.15445,4.45709
7/5/2011,1.2011,0.15434,4.4375
7/6/2011,1.2016,0.15437,4.44295
7/7/2011,1.2016,0.15439,4.45115
7/8/2011,1.2016,0.15442,4.45205
7/9/2011,1.2016,0.15442,4.45205
7/10/2011,1.2016,0.15442,4.45205
7/11/2011,1.2015,0.15436,4.448
7/12/2011,1.2024,0.15425,4.44756
7/13/2011,1.2024,0.15434,4.46219
7/14/2011,1.2044,0.15461,4.4636
7/15/2011,1.2035,0.15445,4.45047
7/16/2011,1.2037,0.15445,4.45047
7/17/2011,1.2038,0.15445,4.45047
7/18/2011,1.2032,0.15435,4.45945
7/19/2011,1.2039,0.15445,4.46777
7/20/2011,1.2045,0.15459,4.46619
7/21/2011,1.2064,0.1548,4.47207
7/22/2011,1.2066,0.15487,4.47275
7/23/2011,1.2064,0.15487,4.47275
7/24/2011,1.2064,0.15487,4.47275
7/25/2011,1.207,0.1549,4.47379
7/26/2011,1.2073,0.15499,4.46676
7/27/2011,1.207,0.15493,4.4655
7/28/2011,1.2074,0.15495,4.46619
7/29/2011,1.209,0.15511,4.46325
7/30/2011,1.2089,0.15511,4.46325
7/31/2011,1.2089,0.15511,4.46325
8/1/2011,1.209,0.15517,4.46498
8/2/2011,1.2086,0.15507,4.46221
8/3/2011,1.2096,0.15513,4.46394
8/4/2011,1.2092,0.15506,4.46173
8/5/2011,1.2098,0.15502,4.46083
8/8/2011,1.2108,0.15512,4.46359
8/9/2011,1.2124,0.15524,4.46706
8/10/2011,1.2136,0.15552,4.47505
8/11/2011,1.2177,0.15613,4.50898
8/12/2011,1.2183,0.15626,4.53192
8/13/2011,1.2179,0.15626,4.53192
8/14/2011,1.2179,0.15626,4.53192
8/15/2011,1.2174,0.15619,4.5262
8/16/2011,1.2192,0.15641,4.4819
8/17/2011,1.2182,0.15634,4.52904
8/18/2011,1.2179,0.15628,4.52734
8/19/2011,1.2182,0.15617,4.5244
8/20/2011,1.2176,0.15617,4.5244
8/21/2011,1.2176,0.15617,4.5244
8/22/2011,1.217,0.15604,4.49996
8/23/2011,1.2168,0.15604,4.52696
8/24/2011,1.2182,0.15626,4.53473
8/25/2011,1.2179,0.1562,4.53296
8/26/2011,1.2188,0.15629,4.53402
8/27/2011,1.2185,0.15629,4.53402
8/28/2011,1.2185,0.15629,4.53402
8/29/2011,1.2192,0.15643,4.52499
8/30/2011,1.2197,0.15646,4.54197
8/31/2011,1.2201,0.15652,4.5414
9/1/2011,1.2177,0.15642,4.52676
9/2/2011,1.2182,0.15642,4.52683
9/3/2011,1.2182,0.15642,4.52683
9/4/2011,1.2182,0.15642,4.52683
9/5/2011,1.2176,0.15632,4.54581
9/6/2011,1.2174,0.15622,4.54276
9/7/2011,1.2173,0.15618,4.54475
9/8/2011,1.2189,0.15636,4.55649
9/9/2011,1.218,0.15629,4.55435
9/10/2011,1.218,0.15629,4.55435
9/11/2011,1.218,0.15629,4.55435
9/12/2011,1.2191,0.15627,4.61744
9/13/2011,1.2173,0.156,4.56881
9/14/2011,1.2185,0.15608,4.6165
9/15/2011,1.2174,0.15617,4.6256
9/16/2011,1.218,0.15638,4.63211
9/17/2011,1.2186,0.15638,4.63211
9/18/2011,1.2186,0.15638,4.63211
9/19/2011,1.2182,0.15629,4.64943
9/20/2011,1.2191,0.15641,4.65285
9/21/2011,1.2185,0.15642,4.68348
9/22/2011,1.22,0.15634,4.7526
9/23/2011,1.2182,0.15625,4.75
9/24/2011,1.2192,0.15625,4.75
9/25/2011,1.2192,0.15625,4.75
9/26/2011,1.2167,0.15604,4.75618
9/27/2011,1.2161,0.15604,4.75462
9/28/2011,1.2177,0.15621,4.75982
9/29/2011,1.2158,0.15599,4.75314
9/30/2011,1.2183,0.15641,4.77829
10/1/2011,1.2176,0.15641,4.77829
10/2/2011,1.2176,0.15641,4.77829
10/3/2011,1.2182,0.15641,4.79237
10/4/2011,1.2179,0.15641,4.79237
10/5/2011,1.2174,0.15641,4.73841
10/6/2011,1.2176,0.15641,4.78768
10/7/2011,1.2174,0.15641,4.78768
10/8/2011,1.2171,0.15641,4.78768
10/9/2011,1.2182,0.15653,4.79142
10/10/2011,1.2237,0.15724,4.76737
10/11/2011,1.2204,0.15683,4.78131
10/12/2011,1.2214,0.15696,4.76542
10/13/2011,1.2167,0.15641,4.7345
10/14/2011,1.2179,0.15657,4.73931
10/15/2011,1.2179,0.15657,4.73931
10/16/2011,1.2179,0.15657,4.73931
10/17/2011,1.2186,0.15671,4.72349
10/18/2011,1.2168,0.15648,4.72029
10/19/2011,1.2171,0.15652,4.71044
10/20/2011,1.2165,0.15636,4.70565
10/21/2011,1.2164,0.15636,4.70629
10/22/2011,1.2167,0.15636,4.70629
10/23/2011,1.2167,0.15636,4.70629
10/24/2011,1.2182,0.15661,4.69407
10/25/2011,1.2204,0.15695,4.72738
10/26/2011,1.2213,0.15712,4.73226
10/27/2011,1.2198,0.15695,4.71639
10/28/2011,1.2194,0.15698,4.68809
10/29/2011,1.2188,0.15698,4.68809
10/30/2011,1.2186,0.15698,4.68809
10/31/2011,1.2203,0.15713,4.69447
11/1/2011,1.2206,0.15709,4.72926
11/2/2011,1.2201,0.15704,4.72778
11/3/2011,1.2216,0.15722,4.73272
11/4/2011,1.2232,0.15746,4.7524
11/5/2011,1.2231,0.15746,4.7524
11/6/2011,1.2231,0.15746,4.7524
11/7/2011,1.2219,0.15725,4.73425
11/8/2011,1.2222,0.15727,4.73075
11/9/2011,1.2232,0.15742,4.73459
11/10/2011,1.2234,0.15725,4.72938
11/11/2011,1.2247,0.15739,4.75936
11/12/2011,1.2241,0.15739,4.75936
11/13/2011,1.2241,0.15739,4.75936
11/14/2011,1.222,0.1571,4.74911
11/15/2011,1.2238,0.15727,4.75434
11/16/2011,1.2244,0.15732,4.75898
11/17/2011,1.2237,0.15719,4.74858
11/18/2011,1.2231,0.15706,4.75114
11/19/2011,1.2232,0.15706,4.75114
11/20/2011,1.2232,0.15706,4.75114
11/21/2011,1.2225,0.15695,4.77242
11/22/2011,1.2223,0.1569,4.76019
11/23/2011,1.2234,0.15699,4.75832
11/24/2011,1.2225,0.15683,4.76672
11/25/2011,1.2206,0.15656,4.76086
11/26/2011,1.2206,0.15656,4.76086
11/27/2011,1.2206,0.15656,4.76086
11/28/2011,1.2183,0.15631,4.75748
11/29/2011,1.22,0.15653,4.75542
11/30/2011,1.2183,0.15648,4.75535
12/1/2011,1.2188,0.15671,4.75232
12/2/2011,1.2195,0.15691,4.72462
12/3/2011,1.2188,0.15691,4.72462
12/4/2011,1.2188,0.15691,4.72462
12/5/2011,1.2189,0.15685,4.72904
12/6/2011,1.2189,0.15679,4.73847
12/7/2011,1.2188,0.15678,4.73802
12/8/2011,1.2197,0.15686,4.7302
12/9/2011,1.2203,0.15683,4.72987
12/10/2011,1.2204,0.15683,4.72987
12/11/2011,1.2204,0.15683,4.72987
12/12/2011,1.2209,0.15691,4.75413
12/13/2011,1.2198,0.15679,4.74146
12/14/2011,1.2191,0.15666,4.73767
12/15/2011,1.2188,0.15658,4.75378
12/16/2011,1.2213,0.15695,4.76504
12/17/2011,1.2214,0.15695,4.76504
12/18/2011,1.2214,0.15695,4.76504
12/19/2011,1.2252,0.15742,4.77221
12/20/2011,1.2234,0.1572,4.7686
12/21/2011,1.2247,0.15742,4.77536
12/22/2011,1.2247,0.15742,4.76639
12/23/2011,1.2249,0.15749,4.76802
12/24/2011,1.2249,0.15749,4.76802
12/25/2011,1.2246,0.15749,4.76802
12/26/2011,1.229,0.15797,4.79038
12/27/2011,1.2277,0.15784,4.78716
12/28/2011,1.228,0.15794,4.79831
12/29/2011,1.2277,0.15794,4.79831
12/30/2011,1.2333,0.15875,4.8045
12/31/2011,1.2329,0.15875,4.8045
1/1/2012,1.2329,0.15875,4.8045
1/2/2012,1.2329,0.15875,4.79958
1/3/2012,1.2333,0.15875,4.81276
1/4/2012,1.232,0.1586,4.8031
1/5/2012,1.2303,0.1584,4.79717
1/6/2012,1.2293,0.15829,4.78836
1/7/2012,1.2293,0.15829,4.78836
1/8/2012,1.2293,0.15829,4.78836
1/9/2012,1.2279,0.15812,4.81105
1/10/2012,1.2284,0.15814,4.77275
1/11/2012,1.2274,0.15802,4.74543
1/12/2012,1.2273,0.15799,4.72557
1/13/2012,1.2297,0.15832,4.73537
1/16/2012,1.2285,0.15814,4.77923
1/17/2012,1.2284,0.15816,4.75162
1/18/2012,1.2277,0.15814,4.74112
1/19/2012,1.227,0.15804,4.7318
1/20/2012,1.2243,0.15772,4.7221
1/21/2012,1.2256,0.15794,4.72881
1/22/2012,1.2256,0.15794,4.72881
1/23/2012,1.2256,0.15794,4.71539
1/24/2012,1.2258,0.15794,4.71681
1/25/2012,1.2259,0.15794,4.73197
1/26/2012,1.2256,0.15794,4.69817
1/27/2012,1.2252,0.15794,4.68933
1/28/2012,1.2252,0.15794,4.68933
1/30/2012,1.2234,0.15769,4.69928
1/31/2012,1.2273,0.15824,4.68874
2/1/2012,1.2274,0.15826,4.6812
2/2/2012,1.2291,0.15847,4.67807
2/3/2012,1.2282,0.15836,4.66855
2/4/2012,1.228,0.15836,4.66855
2/5/2012,1.228,0.15836,4.66855
2/6/2012,1.2262,0.15813,4.67735
2/7/2012,1.2279,0.15836,4.6779
2/8/2012,1.2297,0.1586,4.67543
2/9/2012,1.23,0.1586,4.6786
2/10/2012,1.229,0.15845,4.68683
2/11/2012,1.2288,0.15845,4.68683
2/12/2012,1.2288,0.15845,4.68683
2/13/2012,1.2293,0.15852,4.67796
2/14/2012,1.2282,0.15842,4.68292
2/15/2012,1.2287,0.15846,4.67928
2/16/2012,1.2282,0.15838,4.68324
2/17/2012,1.2291,0.1585,4.68515
2/18/2012,1.229,0.1585,4.68515
2/19/2012,1.229,0.1585,4.68515
2/20/2012,1.2285,0.15843,4.68646
2/21/2012,1.2297,0.15857,4.68896
2/22/2012,1.2296,0.15855,4.6898
2/23/2012,1.2291,0.15847,4.68606
2/24/2012,1.2294,0.15853,4.68943
2/25/2012,1.2293,0.15853,4.68943
2/26/2012,1.2293,0.15853,4.68943
2/27/2012,1.2285,0.15839,4.68678
2/28/2012,1.229,0.15847,4.68599
2/29/2012,1.2294,0.15854,4.6658
3/1/2012,1.2291,0.15847,4.66063
3/2/2012,1.2293,0.15848,4.67051
3/5/2012,1.2287,0.15832,4.66887
3/6/2012,1.2285,0.15826,4.6812
3/7/2012,1.2282,0.1582,4.67482
3/8/2012,1.2262,0.15806,4.66105
3/9/2012,1.2268,0.15814,4.65414
3/10/2012,1.2268,0.15814,4.65414
3/11/2012,1.2268,0.15814,4.65414
3/12/2012,1.2243,0.15781,4.65843
3/13/2012,1.2243,0.15776,4.65538
3/14/2012,1.2235,0.15763,4.66117
3/15/2012,1.224,0.15769,4.65828
3/16/2012,1.2255,0.15787,4.66185
3/17/2012,1.2256,0.15787,4.66185
3/18/2012,1.2256,0.15787,4.66185
3/19/2012,1.225,0.15782,4.6588
3/20/2012,1.2252,0.15781,4.66632
3/21/2012,1.2259,0.15789,4.66717
3/22/2012,1.2305,0.15848,4.69112
3/23/2012,1.2297,0.15835,4.68228
3/24/2012,1.23,0.15835,4.68228
3/25/2012,1.23,0.15835,4.68228
3/26/2012,1.2284,0.15812,4.67396
3/27/2012,1.2293,0.15832,4.68154
3/28/2012,1.229,0.15829,4.67914
3/29/2012,1.2294,0.15832,4.68154
3/30/2012,1.2305,0.1585,4.68039
3/31/2012,1.2312,0.15855,4.68188
4/1/2012,1.2314,0.15856,4.68225
4/2/2012,1.2312,0.15856,4.67432
4/3/2012,1.2312,0.15856,4.67749
4/4/2012,1.2314,0.15856,4.68066
4/5/2012,1.2274,0.15807,4.66458
4/6/2012,1.2293,0.15828,4.67402
4/7/2012,1.2293,0.15831,4.67491
4/8/2012,1.2293,0.15831,4.67491
4/9/2012,1.229,0.15824,4.67608
4/10/2012,1.2284,0.15819,4.6746
4/11/2012,1.2288,0.15824,4.67449
4/12/2012,1.2288,0.15827,4.66257
4/13/2012,1.2291,0.15835,4.67278
4/14/2012,1.2287,0.15835,4.67278
4/15/2012,1.2287,0.15835,4.67278
4/16/2012,1.2267,0.15809,4.66532
4/17/2012,1.2297,0.15845,4.67574
4/18/2012,1.2293,0.15837,4.6751
4/19/2012,1.2293,0.1584,4.67426
4/20/2012,1.2284,0.15827,4.66574
4/21/2012,1.2284,0.15827,4.66574
4/22/2012,1.2284,0.15827,4.66574
4/23/2012,1.2284,0.15827,4.6689
4/24/2012,1.2284,0.15828,4.66769
4/25/2012,1.2285,0.15833,4.66766
4/26/2012,1.228,0.15828,4.63129
4/27/2012,1.2271,0.15815,4.62266
4/28/2012,1.2271,0.15815,4.62266
4/29/2012,1.2271,0.15815,4.62266
4/30/2012,1.227,0.15815,4.61159
5/1/2012,1.2268,0.15815,4.60685
5/2/2012,1.2279,0.15825,4.62408
5/3/2012,1.2284,0.15828,4.62323
5/4/2012,1.2287,0.15828,4.63121
5/5/2012,1.2287,0.15828,4.63121
5/6/2012,1.2287,0.15828,4.63121
5/7/2012,1.2285,0.15821,4.6388
5/8/2012,1.2282,0.15822,4.64053
5/9/2012,1.228,0.15818,4.64403
5/10/2012,1.2271,0.15806,4.6423
5/11/2012,1.2282,0.15816,4.64999
5/12/2012,1.2282,0.15816,4.64999
5/13/2012,1.2282,0.15816,4.64999
5/14/2012,1.2268,0.15796,4.6678
5/15/2012,1.2273,0.15801,4.6756
5/16/2012,1.227,0.15791,4.67738
5/17/2012,1.2264,0.15785,4.6675
5/18/2012,1.225,0.15772,4.66074
5/19/2012,1.225,0.15772,4.66074
5/20/2012,1.225,0.15772,4.66074
5/21/2012,1.225,0.15774,4.65637
5/22/2012,1.2259,0.15785,4.66449
5/23/2012,1.224,0.15756,4.66069
5/24/2012,1.2217,0.15733,4.66002
5/25/2012,1.2214,0.15731,4.6628
5/26/2012,1.2214,0.15731,4.6628
5/27/2012,1.2214,0.15731,4.6628
5/28/2012,1.2209,0.15725,4.65939
5/29/2012,1.2209,0.15724,4.65745
5/30/2012,1.2185,0.15693,4.66715
5/31/2012,1.2171,0.15675,4.68047
6/1/2012,1.2164,0.15671,4.69191
6/2/2012,1.2164,0.15671,4.69191
6/4/2012,1.2176,0.15687,4.70924
6/5/2012,1.224,0.15772,4.7254
6/6/2012,1.217,0.15684,4.67841
6/7/2012,1.2171,0.15685,4.67557
6/8/2012,1.2152,0.15662,4.68777
6/9/2012,1.2154,0.15662,4.68777
6/10/2012,1.2154,0.15662,4.68777
6/11/2012,1.2162,0.15675,4.69144
6/12/2012,1.216,0.1567,4.69467
6/13/2012,1.216,0.1567,4.69467
6/14/2012,1.2162,0.15672,4.69228
6/15/2012,1.2171,0.15682,4.68895
6/16/2012,1.2171,-,-
6/18/2012,1.2183,0.15698,4.69366
6/19/2012,1.2188,0.15705,4.68937
6/20/2012,1.2177,0.15692,4.68718
6/21/2012,1.2165,0.15675,4.68831
6/22/2012,1.2165,0.15675,4.69301
6/23/2012,1.2167,0.15675,4.69301
6/24/2012,1.2167,0.15675,4.69301
6/25/2012,1.2173,0.15684,4.70044
6/26/2012,1.2173,0.15685,4.70066
6/27/2012,1.2188,0.15704,4.69714
6/28/2012,1.2182,0.15699,4.70016
6/29/2012,1.2189,0.15712,4.68522
6/30/2012,1.2191,0.15712,4.68522
7/1/2012,1.2191,0.15712,4.68522
7/2/2012,1.2197,0.15722,4.70074
7/3/2012,1.2185,0.1571,4.68799
7/4/2012,1.2195,0.15724,4.69033
7/5/2012,1.2179,0.15704,4.69243
7/6/2012,1.2161,0.15682,4.69365
7/7/2012,1.2162,0.15682,4.69365
7/8/2012,1.2162,0.15682,4.69365
7/9/2012,1.2151,0.15667,4.69223
7/10/2012,1.2162,0.15682,4.69992
7/11/2012,1.2154,0.15671,4.69348
7/12/2012,1.2152,0.15665,4.70104
7/13/2012,1.2137,0.15645,4.68562
7/14/2012,1.2139,0.15645,4.68562
7/15/2012,1.2139,0.15645,4.68562
7/16/2012,1.2137,0.15644,4.69158
7/17/2012,1.2151,0.15661,4.6921
7/18/2012,1.2154,0.15666,4.69514
7/19/2012,1.2149,0.15661,4.6968
7/20/2012,1.2146,0.15658,4.69413
7/21/2012,1.2148,0.15658,4.69413
7/22/2012,1.2148,0.15658,4.69413
7/23/2012,1.2124,0.15628,4.7055
7/24/2012,1.2127,0.1563,4.71085
7/25/2012,1.2121,0.15623,4.71191
7/26/2012,1.213,0.15633,4.70719
7/27/2012,1.2136,0.15641,4.69867
7/28/2012,1.2136,0.15641,4.69867
7/29/2012,1.2136,0.15641,4.69867
7/30/2012,1.2136,0.15645,4.69664
7/31/2012,1.2161,0.15682,4.69679
8/1/2012,1.2154,0.15671,4.69818
8/2/2012,1.2161,0.15677,4.70002
8/3/2012,1.2146,0.1566,4.69017
8/4/2012,1.2146,0.1566,4.69017
8/5/2012,1.2146,0.1566,4.69017
8/6/2012,1.2148,0.1566,4.68704
8/7/2012,1.2161,0.1568,4.69448
8/8/2012,1.2173,0.15692,4.70287
8/9/2012,1.2176,0.15693,4.69697
8/10/2012,1.2173,0.1569,4.7037
8/11/2012,1.2173,0.1569,4.7037
8/12/2012,1.2173,0.1569,4.7037
8/13/2012,1.2173,0.1569,4.70684
8/14/2012,1.2177,0.15696,4.70241
8/15/2012,1.217,0.15687,4.70454
8/16/2012,1.2167,0.15682,4.70306
8/17/2012,1.2176,0.15694,4.70989
8/18/2012,1.2176,0.15694,4.70989
8/19/2012,1.2176,0.15694,4.70989
8/20/2012,1.2174,0.15693,4.70795
8/21/2012,1.2183,0.15704,4.70343
8/22/2012,1.2189,0.15712,4.70721
8/23/2012,1.2186,0.15708,4.70925
8/24/2012,1.2183,0.15704,4.70657
8/25/2012,1.2183,0.15704,4.70657
8/26/2012,1.2183,0.15704,4.70657
8/27/2012,1.218,0.15701,4.70546
8/28/2012,1.2188,0.1571,4.70684
8/29/2012,1.2189,0.15713,4.70444
8/30/2012,1.2194,0.15718,4.70906
8/31/2012,1.2198,0.15724,4.70305
9/1/2012,1.2198,0.15724,4.70305
9/2/2012,1.2198,0.15724,4.70305
9/3/2012,1.2212,0.15741,4.70029
9/4/2012,1.2198,0.15724,4.69362
9/5/2012,1.2197,0.15722,4.69602
9/6/2012,1.2209,0.15736,4.68944
9/7/2012,1.2209,0.15736,4.67056
9/8/2012,1.2207,0.15736,4.67056
9/9/2012,1.2207,0.15736,4.67056
9/10/2012,1.2216,0.15748,4.67229
9/11/2012,1.2217,0.15753,4.66116
9/12/2012,1.2235,0.15775,4.66943
9/13/2012,1.2229,0.15767,4.66715
9/14/2012,1.2255,0.15805,4.6372
9/15/2012,1.2253,0.15805,4.6372
9/16/2012,1.2253,0.15805,4.6372
9/17/2012,1.225,0.15799,4.62904
9/18/2012,1.2252,0.15801,4.64084
9/19/2012,1.2268,0.15821,4.64355
9/20/2012,1.228,0.15835,4.64601
9/21/2012,1.2273,0.15829,4.641
9/22/2012,1.2274,0.15829,4.641
9/23/2012,1.2274,0.15829,4.641
9/24/2012,1.227,0.15823,4.64708
9/25/2012,1.2271,0.15825,4.64307
9/26/2012,1.2285,0.1584,4.66015
9/27/2012,1.2285,0.15842,4.64958
9/28/2012,1.2323,0.15889,4.6587
9/29/2012,1.2318,0.15882,4.65648
9/30/2012,1.2318,0.15882,4.65648
10/1/2012,1.2317,0.15882,4.65648
10/2/2012,1.2317,0.15882,4.65331
10/3/2012,1.2318,0.15882,4.65489
10/4/2012,1.2318,0.15882,4.65331
10/5/2012,1.2317,0.15882,4.64378
10/6/2012,1.2315,0.15882,4.64378
10/7/2012,1.2315,0.15882,4.64378
10/8/2012,1.2309,0.15874,4.64633
10/9/2012,1.2309,0.15874,4.65109
10/10/2012,1.2317,0.15884,4.65404
10/11/2012,1.233,0.15902,4.65127
10/12/2012,1.2349,0.15927,4.65557
10/13/2012,1.2349,0.15927,4.65557
10/14/2012,1.2349,0.15927,4.65557
10/15/2012,1.2344,0.15922,4.65235
10/16/2012,1.2353,0.15935,4.65142
10/17/2012,1.2373,0.15958,4.65651
10/18/2012,1.2379,0.15968,4.66747
10/19/2012,1.2369,0.15955,4.66693
10/20/2012,1.2369,0.15955,4.66693
10/21/2012,1.2369,0.15955,4.66693
10/22/2012,1.237,0.15957,4.66731
10/23/2012,1.2382,0.15973,4.68174
10/24/2012,1.2384,0.15976,4.68089
10/25/2012,1.2402,0.16,4.68
10/26/2012,1.2385,0.15978,4.67524
10/27/2012,1.2385,0.15978,4.67524
10/28/2012,1.2385,0.15978,4.67524
10/29/2012,1.2392,0.15986,4.68068
10/30/2012,1.2401,0.15999,4.67803
10/31/2012,1.241,0.16009,4.67942
11/1/2012,1.2396,0.15992,4.67136
11/2/2012,1.2392,0.15986,4.67589
11/3/2012,1.2392,0.15986,4.67589
11/4/2012,1.2392,0.15986,4.67589
11/5/2012,1.2393,0.15987,4.67626
11/6/2012,1.2389,0.15981,4.67599
11/7/2012,1.2399,0.15995,4.65771
11/8/2012,1.241,0.16009,4.66021
11/9/2012,1.2401,0.15996,4.64369
11/10/2012,1.2401,0.15996,4.64369
11/12/2012,1.2433,0.16038,4.64445
11/13/2012,1.2425,0.16029,4.65169
11/14/2012,1.2461,0.16074,4.66294
11/15/2012,1.2427,0.1603,4.65336
11/16/2012,1.241,0.16006,4.66587
11/17/2012,1.241,0.16006,4.66587
11/18/2012,1.241,0.16006,4.66587
11/19/2012,1.2421,0.16019,4.67441
11/20/2012,1.2419,0.16018,4.66122
11/21/2012,1.2421,0.16022,4.66394
11/22/2012,1.2433,0.16039,4.6753
11/23/2012,1.2429,0.16032,4.66854
11/24/2012,1.2429,0.16032,4.66854
11/25/2012,1.2429,0.16032,4.66854
11/26/2012,1.2438,0.16045,4.66273
11/27/2012,1.2444,0.16054,4.67498
11/28/2012,1.2447,0.16058,4.67932
11/29/2012,1.2469,0.16085,4.67596
11/30/2012,1.2456,0.16071,4.67183
12/1/2012,1.2458,0.16071,4.67183
12/2/2012,1.2458,0.16071,4.67183
12/3/2012,1.2464,0.16079,4.67891
12/4/2012,1.2473,0.16092,4.68267
12/5/2012,1.2456,0.16071,4.67505
12/6/2012,1.2467,0.16084,4.68041
12/7/2012,1.2467,0.16084,4.6772
12/8/2012,1.2467,0.16084,4.6772
12/10/2012,1.2427,0.16032,4.66693
12/11/2012,1.2404,0.16004,4.65552
12/12/2012,1.2378,0.15969,4.64069
12/13/2012,1.2424,0.16027,4.66223
12/14/2012,1.2405,0.16004,4.65072
12/15/2012,1.2405,0.16004,4.65072
12/16/2012,1.2405,0.16004,4.65072
12/17/2012,1.2412,0.16012,4.64975
12/18/2012,1.2422,0.16024,4.65187
12/19/2012,1.243,0.16035,4.65814
12/20/2012,1.2427,0.16032,4.65571
12/21/2012,1.243,0.16035,4.66295
12/22/2012,1.243,0.16035,4.66295
12/23/2012,1.243,0.16035,4.66295
12/24/2012,1.2427,0.1603,4.65657
12/25/2012,1.2427,0.1603,4.66138
12/26/2012,1.241,0.16009,4.6498
12/27/2012,1.2413,0.16012,4.65455
12/28/2012,1.2427,0.16027,4.65422
12/29/2012,1.2427,0.16027,4.65422
12/30/2012,1.2427,0.16027,4.65422
12/31/2012,1.2429,0.16032,4.65571
1/1/2013,1.2429,0.16032,4.65571
1/2/2013,1.243,0.16032,4.65251
1/3/2013,1.2429,0.16032,4.65251
1/4/2013,1.2425,0.16027,4.65262
1/5/2013,1.246,0.16058,4.66151
1/6/2013,1.2464,0.16063,4.663
1/7/2013,1.2424,0.16026,4.65064
1/8/2013,1.2439,0.16044,4.66075
1/9/2013,1.243,0.16033,4.65113
1/10/2013,1.2438,0.16043,4.64113
1/11/2013,1.246,0.16068,4.65341
1/12/2013,1.246,0.16068,4.65341
1/13/2013,1.246,0.16068,4.65341
1/14/2013,1.2447,0.16052,4.64855
1/15/2013,1.2461,0.16068,4.65341
1/16/2013,1.2455,0.16062,4.65475
1/17/2013,1.2456,0.16063,4.65191
1/18/2013,1.2455,0.16063,4.65673
1/19/2013,1.2456,0.16063,4.65673
1/20/2013,1.2456,0.16063,4.65673
1/21/2013,1.2446,0.16049,4.64933
1/22/2013,1.2446,0.16049,4.65262
1/23/2013,1.2453,0.16059,4.66203
1/24/2013,1.2452,0.16057,4.67573
1/25/2013,1.2452,0.16056,4.70747
1/26/2013,1.2452,0.16056,4.70747
1/27/2013,1.2452,0.16056,4.70747
1/28/2013,1.2444,0.16039,4.73136
1/29/2013,1.2449,0.1604,4.7254
1/30/2013,1.2456,0.16053,4.74203
1/31/2013,1.2456,0.16056,4.74279
2/1/2013,1.2442,0.16035,4.75114
2/2/2013,1.2438,0.16035,4.75114
2/3/2013,1.2438,0.16035,4.75114
2/4/2013,1.2425,0.16019,4.74169
2/5/2013,1.2427,0.16024,4.73016
2/6/2013,1.2427,0.16024,4.74481
2/7/2013,1.2429,0.16022,4.74726
2/8/2013,1.2419,0.16013,4.76221
2/9/2013,1.2421,0.16013,4.76221
2/10/2013,1.2421,0.16013,4.76221
2/11/2013,1.2419,0.16012,4.76503
2/12/2013,1.2421,0.16012,4.76343
2/13/2013,1.2421,0.1601,4.75825
2/14/2013,1.2419,0.1601,4.74063
2/15/2013,1.2419,0.16012,4.74582
2/16/2013,1.2413,0.16004,4.74354
2/17/2013,1.2419,0.16012,4.74582
2/18/2013,1.2401,0.15989,4.74538
2/19/2013,1.2399,0.15986,4.71745
2/20/2013,1.241,0.16,4.7344
2/21/2013,1.2408,0.15996,4.75246
2/22/2013,1.2419,0.16009,4.74826
2/23/2013,1.2419,0.16009,4.74826
2/24/2013,1.2419,0.16009,4.74826
2/25/2013,1.2422,0.16012,4.75062
2/26/2013,1.2436,0.16027,4.75672
2/27/2013,1.2439,0.16032,4.75351
2/28/2013,1.245,0.16048,4.76298
3/1/2013,1.2442,0.1604,4.75908
3/2/2013,1.2441,0.1604,4.75908
3/3/2013,1.2441,0.1604,4.75908
3/4/2013,1.2439,0.16035,4.76397
3/5/2013,1.2447,0.16044,4.76022
3/6/2013,1.2453,0.16052,4.76412
3/7/2013,1.2452,0.16049,4.75694
3/8/2013,1.2456,0.16058,4.76764
3/9/2013,1.2458,0.16058,4.76764
3/10/2013,1.2458,0.16058,4.76764
3/11/2013,1.2452,0.1605,4.76687
3/12/2013,1.2456,0.16056,4.76527
3/13/2013,1.2464,0.16064,4.77896
3/14/2013,1.2461,0.16061,4.77804
3/15/2013,1.2463,0.16061,4.77644
3/16/2013,1.2466,0.16061,4.77644
3/17/2013,1.2466,0.16061,4.77644
3/18/2013,1.2464,0.16058,4.77728
3/19/2013,1.2463,0.16057,4.77529
3/20/2013,1.2473,0.16068,4.78276
3/21/2013,1.247,0.16063,4.77479
3/22/2013,1.2477,0.16068,4.79882
3/23/2013,1.2477,0.16068,4.79882
3/24/2013,1.2477,0.16068,4.79882
3/25/2013,1.2475,0.1607,4.79921
3/26/2013,1.2472,0.16071,4.79397
3/27/2013,1.247,0.16064,4.80386
3/28/2013,1.2477,0.16068,4.80123
3/29/2013,1.2478,0.16071,4.80201
3/30/2013,1.2478,0.16071,4.80201
3/31/2013,1.2478,0.16071,4.80201
4/1/2013,1.2484,0.16077,4.80635
4/2/2013,1.2503,0.16105,4.81206
4/3/2013,1.2497,0.16097,4.80652
4/4/2013,1.2498,0.16097,4.80974
4/5/2013,1.2502,0.16097,4.821
4/6/2013,1.2502,0.16097,4.821
4/7/2013,1.2506,0.16105,4.82333
4/8/2013,1.2497,0.16094,4.82184
4/9/2013,1.25,0.16096,4.83269
4/10/2013,1.2513,0.16115,4.83531
4/11/2013,1.2509,0.16112,4.82969
4/12/2013,1.2514,0.1612,4.83042
4/13/2013,1.2514,0.1612,4.83042
4/14/2013,1.2514,0.1612,4.83042
4/15/2013,1.2525,0.16133,4.81979
4/16/2013,1.2536,0.16146,4.81723
4/17/2013,1.2558,0.16175,4.83234
4/18/2013,1.2536,0.16146,4.82223
4/19/2013,1.2545,0.16157,4.81549
4/20/2013,1.2547,0.16157,4.81549
4/21/2013,1.2547,0.16157,4.81549
4/22/2013,1.2538,0.16145,4.82329
4/23/2013,1.2545,0.16154,4.81706
4/24/2013,1.2547,0.16157,4.81226
4/25/2013,1.2566,0.16182,4.82386
4/26/2013,1.2571,0.16189,4.79852
4/27/2013,1.2593,0.16217,4.80677
4/28/2013,1.2585,0.1619,4.79883
4/29/2013,1.2583,0.1619,4.76904
4/30/2013,1.258,0.1619,4.7705
5/1/2013,1.2583,0.16196,4.77529
5/2/2013,1.2583,0.16215,4.79302
5/3/2013,1.2582,0.16212,4.79468
5/4/2013,1.2585,0.16217,4.79623
5/5/2013,1.2585,0.16217,4.79623
5/6/2013,1.2569,0.16196,4.84346
5/7/2013,1.2594,0.16224,4.83144
5/8/2013,1.2615,0.16251,4.83968
5/9/2013,1.2641,0.16286,4.83201
5/10/2013,1.2618,0.16254,4.83413
5/11/2013,1.2618,0.16254,4.83413
5/12/2013,1.2618,0.16254,4.83413
5/13/2013,1.2606,0.16238,4.82682
5/14/2013,1.2614,0.16248,4.85329
5/15/2013,1.2609,0.16241,4.86285
5/16/2013,1.2601,0.16229,4.87244
5/17/2013,1.262,0.16251,4.85804
5/18/2013,1.2618,0.16251,4.85804
5/20/2013,1.2621,0.16257,4.8723
5/21/2013,1.2629,0.16268,4.86196
5/22/2013,1.2636,0.16278,4.86644
5/23/2013,1.2639,0.16278,4.86872
5/24/2013,1.2639,0.16278,4.87197
5/25/2013,1.2641,0.16278,4.87197
5/26/2013,1.2641,0.16278,4.87197
5/27/2013,1.2661,0.16306,4.84615
5/28/2013,1.266,0.16305,4.83255
5/29/2013,1.265,0.16291,4.93443
5/30/2013,1.2642,0.16281,4.93349
5/31/2013,1.2636,0.16271,4.8119
6/1/2013,1.2636,0.16271,4.8119
6/2/2013,1.2633,0.16271,4.8119
6/3/2013,1.2639,0.16278,4.87995
6/4/2013,1.2644,0.16286,4.90644
6/5/2013,1.2642,0.16288,4.87866
6/6/2013,1.2637,0.16278,4.83584
6/7/2013,1.2641,0.16281,4.88758
6/8/2013,1.2671,0.16321,4.89963
6/9/2013,1.2641,0.16281,4.88758
6/10/2013,1.2642,0.16281,4.85535
6/11/2013,1.2644,0.16283,4.85532
6/12/2013,1.2647,0.16286,4.86084
6/13/2013,1.2639,0.16273,4.90277
6/14/2013,1.2642,0.16284,4.86411
6/15/2013,1.2641,0.16284,4.86411
6/16/2013,1.2641,0.16284,4.86411
6/17/2013,1.2645,0.16295,4.85717
6/18/2013,1.2639,0.16289,4.86212
6/19/2013,1.2639,0.16291,4.85933
6/20/2013,1.2641,0.16295,4.86206
6/21/2013,1.2628,0.16276,4.92017
6/22/2013,1.2628,0.16276,4.92017
6/23/2013,1.2628,0.16276,4.92017
6/24/2013,1.2602,0.16246,4.92096
6/25/2013,1.2599,0.16241,4.89565
6/26/2013,1.2601,0.16238,4.89989
6/27/2013,1.2596,0.16236,4.90023
6/28/2013,1.262,0.16265,4.92071
6/29/2013,1.262,0.16265,4.92071
6/30/2013,1.262,0.16265,4.92071
7/1/2013,1.2623,0.1627,4.9106
7/2/2013,1.2623,0.16274,4.89471
7/3/2013,1.2626,0.16281,4.93431
7/4/2013,1.2634,0.16291,4.87383
7/5/2013,1.2623,0.16275,4.91431
7/6/2013,1.2623,0.16275,4.91431
7/7/2013,1.2623,0.16275,4.91431
7/8/2013,1.2621,0.16271,4.91148
7/9/2013,1.2634,0.16283,4.95709
7/10/2013,1.2623,0.1627,4.95729
7/11/2013,1.262,0.16267,4.84945
7/12/2013,1.2618,0.16262,4.84039
7/13/2013,1.2618,0.16262,4.84039
7/14/2013,1.2618,0.16262,4.84039
7/15/2013,1.2618,0.16262,4.8634
7/16/2013,1.2623,0.16269,4.85098
7/17/2013,1.2626,0.16273,4.86493
7/18/2013,1.2614,0.16257,4.87946
7/19/2013,1.2614,0.16257,4.8697
7/20/2013,1.2615,0.16259,4.87049
7/21/2013,1.2615,0.16259,4.87049
7/22/2013,1.2612,0.16253,4.86039
7/23/2013,1.262,0.16263,4.8668
7/24/2013,1.2621,0.16267,4.86799
7/25/2013,1.2625,0.1627,4.87366
7/26/2013,1.2631,0.16279,4.87351
7/27/2013,1.2631,0.16279,4.87351
7/28/2013,1.2631,0.16279,4.87351
7/29/2013,1.2628,0.16276,4.87386
7/30/2013,1.2628,0.16278,4.8806
7/31/2013,1.2631,0.16286,4.90351
8/1/2013,1.2629,0.16282,4.90263
8/2/2013,1.2633,0.16283,4.9001
8/3/2013,1.2633,0.16283,4.9001
8/4/2013,1.2633,0.16283,4.9001
8/5/2013,1.2642,0.16296,4.88536
8/6/2013,1.2649,0.16305,4.88929
8/7/2013,1.2652,0.1631,4.88567
8/8/2013,1.265,0.16307,4.88291
8/9/2013,1.2649,0.16307,4.88259
8/10/2013,1.265,0.16307,4.88259
8/11/2013,1.265,0.16307,4.88259
8/12/2013,1.2647,0.16305,4.88538
8/13/2013,1.2649,0.16306,4.88953
8/14/2013,1.2652,0.1631,4.89545
8/15/2013,1.2663,0.16327,4.90098
8/16/2013,1.2663,0.16326,4.88392
8/17/2013,1.2663,0.16326,4.88392
8/18/2013,1.2663,0.16326,4.88392
8/19/2013,1.2645,0.16305,4.89386
8/20/2013,1.2642,0.16299,4.87727
8/21/2013,1.2649,0.16307,4.90379
8/22/2013,1.2647,0.16305,4.90984
8/23/2013,1.2649,0.16306,4.88121
8/24/2013,1.2647,0.16306,4.88121
8/25/2013,1.2647,0.16306,4.88121
8/26/2013,1.2647,0.16303,4.88205
8/27/2013,1.2649,0.16303,4.89802
8/28/2013,1.265,0.16309,4.89766
8/29/2013,1.2649,0.16307,4.88291
8/30/2013,1.2652,0.1631,4.88208
8/31/2013,1.265,0.1631,4.88208
9/1/2013,1.265,0.1631,4.88208
9/2/2013,1.265,0.1631,4.87425
9/3/2013,1.2647,0.16306,4.87176
9/4/2013,1.2652,0.1631,4.87066
9/5/2013,1.265,0.16308,4.88649
9/6/2013,1.2652,0.1631,4.85142
9/7/2013,1.2652,0.1631,4.85142
9/8/2013,1.265,0.1631,4.85142
9/9/2013,1.2647,0.16306,4.86099
9/10/2013,1.2649,0.16309,4.84825
9/11/2013,1.2652,0.16313,4.8633
9/12/2013,1.2653,0.16315,4.85724
9/13/2013,1.2652,0.16313,4.8447
9/14/2013,1.2652,0.16313,4.8447
9/15/2013,1.2652,0.16313,4.8447
9/16/2013,1.265,0.1631,4.83315
9/17/2013,1.2647,0.16306,4.84762
9/18/2013,1.265,0.1631,4.85011
9/19/2013,1.2652,0.16313,4.81828
9/20/2013,1.265,0.16313,4.82823
9/21/2013,1.265,0.16313,4.82823
9/22/2013,1.2652,0.16299,4.82414
9/23/2013,1.2649,0.16311,4.8187
9/24/2013,1.2647,0.16309,4.82493
9/25/2013,1.2652,0.16313,4.84046
9/26/2013,1.265,0.16311,4.82261
9/27/2013,1.265,0.16311,4.82049
9/28/2013,1.265,0.16311,4.82049
9/29/2013,1.2653,0.16315,4.82167
9/30/2013,1.2649,0.16309,4.82199
10/1/2013,1.265,0.1631,4.81064
10/2/2013,1.265,0.1631,4.82858
10/3/2013,1.265,0.1631,4.78683
10/4/2013,1.2652,0.16311,4.78494
10/5/2013,1.2652,0.16311,4.78494
10/6/2013,1.2652,0.16311,4.78494
10/7/2013,1.265,0.16311,4.81495
10/8/2013,1.2647,0.16307,4.7942
10/9/2013,1.2649,0.16309,4.7972
10/10/2013,1.2657,0.16319,4.79381
10/11/2013,1.2652,0.16313,4.80621
10/12/2013,1.2652,0.16313,4.80621
10/13/2013,1.2652,0.16313,4.80621
10/14/2013,1.2674,0.16342,4.81811
10/15/2013,1.2686,0.16355,4.8142
10/16/2013,1.2692,0.16363,4.81886
10/17/2013,1.2695,0.16369,4.81978
10/18/2013,1.2697,0.16373,4.88564
10/19/2013,1.2697,0.16373,4.88564
10/20/2013,1.2697,0.16373,4.88564
10/21/2013,1.2703,0.16382,4.82143
10/22/2013,1.2703,0.16384,4.82642
10/23/2013,1.2723,0.16406,4.82659
10/24/2013,1.2728,0.16413,4.83283
10/25/2013,1.2726,0.16409,4.82672
10/26/2013,1.2726,0.16409,4.82672
10/27/2013,1.2726,0.16409,4.82664
10/28/2013,1.2719,0.16402,4.83016
10/29/2013,1.271,0.1639,4.82938
10/30/2013,1.2703,0.16382,4.8198
10/31/2013,1.2702,0.1638,4.82327
11/1/2013,1.2692,0.16367,4.81382
11/2/2013,1.269,0.16367,4.81382
11/3/2013,1.269,0.16367,4.81382
11/4/2013,1.2689,0.16365,4.80747
11/5/2013,1.2694,0.16373,4.82293
11/6/2013,1.2703,0.16384,4.8274
11/7/2013,1.2706,0.16388,4.8299
11/8/2013,1.2705,0.16387,4.83236
11/9/2013,1.2705,0.16387,4.83236
11/10/2013,1.2705,0.16387,4.83236
11/11/2013,1.2706,0.16386,4.85212
11/12/2013,1.2705,0.16383,4.85272
11/13/2013,1.2706,0.16385,4.85532
11/14/2013,1.2706,0.16384,4.84903
11/15/2013,1.2706,0.16384,4.84182
11/16/2013,1.2706,0.16384,4.84182
11/17/2013,1.2706,0.16384,4.84182
11/18/2013,1.2705,0.16385,4.84484
11/19/2013,1.2705,0.16385,4.8373
11/20/2013,1.2703,0.16384,4.84346
11/21/2013,1.2702,0.16382,4.85322
11/22/2013,1.2703,0.16381,4.85413
11/23/2013,1.2703,0.16381,4.85413
11/24/2013,1.2703,0.16381,4.85413
11/25/2013,1.2703,0.16381,4.8592
11/26/2013,1.2703,0.16383,4.85632
11/27/2013,1.2703,0.16383,4.85895
11/28/2013,1.2705,0.16383,4.85501
11/29/2013,1.2703,0.16382,4.85977
11/30/2013,1.2703,0.16382,4.85977
12/1/2013,1.2703,0.16382,4.85977
12/2/2013,1.2703,0.16382,4.85289
12/3/2013,1.2703,0.16384,4.86443
12/4/2013,1.2703,0.16385,4.84516
12/5/2013,1.2703,0.16386,4.8626
12/6/2013,1.2729,0.16412,4.86789
12/7/2013,1.2729,0.16412,4.86789
12/8/2013,1.2729,0.16412,4.86789
12/9/2013,1.275,0.1644,4.86946
12/10/2013,1.275,0.16442,4.85934
12/11/2013,1.2749,0.1644,4.86462
12/12/2013,1.275,0.1644,4.87259
12/13/2013,1.275,0.16442,4.87513
12/14/2013,1.275,0.16442,4.87513
12/15/2013,1.275,0.16442,4.87513
12/16/2013,1.2749,0.16439,4.88189
12/17/2013,1.2749,0.1644,4.87341
12/18/2013,1.2747,0.1644,4.88689
12/19/2013,1.275,0.16442,4.91952
12/20/2013,1.2752,0.16442,4.91689
12/21/2013,1.2752,0.16442,4.91689
12/22/2013,1.2752,0.16442,4.91689
12/23/2013,1.2752,0.16442,4.93234
12/24/2013,1.2752,0.1644,4.93588
12/25/2013,1.2752,0.16439,4.93712
12/26/2013,1.2744,0.16428,4.93577
12/27/2013,1.2755,0.16444,4.93611
12/29/2013,1.2755,0.16444,4.93611
12/30/2013,1.277,0.16464,4.94271
12/31/2013,1.2789,0.16491,4.93643
1/1/2014,1.2789,0.16491,4.93643
1/2/2014,1.2794,0.16496,4.94367
1/3/2014,1.2793,0.16493,4.93955
1/4/2014,1.2791,0.16493,4.93955
1/5/2014,1.2791,0.16493,4.93955
1/6/2014,1.2793,0.16492,4.98367
1/7/2014,1.2793,0.16495,4.96536
1/8/2014,1.2794,0.16495,4.96932
1/9/2014,1.2788,0.16488,4.95771
1/10/2014,1.2793,0.16494,4.98194
1/11/2014,1.2793,0.16494,4.98194
1/12/2014,1.2793,0.16494,4.98194
1/13/2014,1.2812,0.16518,4.97068
1/14/2014,1.2817,0.16526,4.98075
1/15/2014,1.2806,0.16511,4.98943
1/16/2014,1.2786,0.16485,4.96217
1/17/2014,1.2799,0.16499,4.97517
1/18/2014,1.2798,0.16499,4.97517
1/19/2014,1.2798,0.16499,4.97517
1/20/2014,1.2794,0.16492,4.98565
1/21/2014,1.2799,0.16496,4.99184
1/22/2014,1.2798,0.16495,4.97864
1/23/2014,1.2799,0.16495,5.01287
1/24/2014,1.2812,0.16504,4.98936
1/25/2014,1.2814,0.16504,4.98936
1/26/2014,1.2819,0.16495,4.98647
1/27/2014,1.2812,0.16501,5.03177
1/28/2014,1.2811,0.16497,4.99951
1/29/2014,1.2799,0.16484,5.00165
1/30/2014,1.2789,0.16466,4.99136
1/31/2014,1.2791,0.16466,4.99564
2/1/2014,1.2786,0.16466,4.99564
2/2/2014,1.2786,0.16466,4.99564
2/3/2014,1.2784,0.16463,4.99877
2/4/2014,1.2784,0.16463,4.99811
2/5/2014,1.2783,0.16463,5.00502
2/6/2014,1.2778,0.16463,5.00634
2/7/2014,1.2773,0.16461,5.00189
2/8/2014,1.2791,0.16466,5.00346
2/9/2014,1.2791,0.16466,5.00346
2/10/2014,1.2778,0.1647,4.99753
2/11/2014,1.278,0.16472,5.00815
2/12/2014,1.2771,0.16463,4.99152
2/13/2014,1.2768,0.16458,4.98988
2/14/2014,1.2765,0.16455,4.97721
2/15/2014,1.2763,0.16455,4.97721
2/16/2014,1.2763,0.16455,4.97721
2/17/2014,1.2768,0.16461,4.98329
2/18/2014,1.276,0.1645,4.98594
2/19/2014,1.2744,0.16428,4.98144
2/20/2014,1.2728,0.16406,4.98441
2/21/2014,1.271,0.16385,4.97804
2/22/2014,1.2711,0.16385,4.97804
2/23/2014,1.2711,0.16385,4.97804
2/24/2014,1.2698,0.16363,4.9766
2/25/2014,1.2649,0.16294,4.95283
2/26/2014,1.2647,0.16297,4.94361
2/27/2014,1.2644,0.16289,4.94209
2/28/2014,1.2625,0.16262,4.93406
3/1/2014,1.2623,0.16262,4.93406
3/2/2014,1.2623,0.16262,4.93406
3/3/2014,1.2607,0.16242,4.92935
3/4/2014,1.2612,0.16246,4.93526
3/5/2014,1.2645,0.1629,4.94217
3/6/2014,1.2665,0.16314,4.94592
3/7/2014,1.2647,0.16294,4.93588
3/8/2014,1.2649,0.16294,4.93588
3/9/2014,1.2649,0.16294,4.93588
3/10/2014,1.2623,0.16261,4.93008
3/11/2014,1.2621,0.16259,4.92675
3/12/2014,1.2614,0.16246,4.9338
3/13/2014,1.2634,0.16266,4.93624
3/14/2014,1.2607,0.16233,4.92362
3/15/2014,1.261,0.16233,4.92362
3/16/2014,1.2612,0.16233,4.92362
3/17/2014,1.255,0.16159,4.90418
3/18/2014,1.2528,0.16127,4.89977
3/19/2014,1.2514,0.16115,4.90428
3/20/2014,1.245,0.16034,4.90356
3/21/2014,1.245,0.16038,4.91212
3/22/2014,1.245,0.16038,4.91212
3/23/2014,1.245,0.16038,4.91212
3/24/2014,1.2514,0.16128,4.93791
3/25/2014,1.2491,0.16097,4.91227
3/26/2014,1.2478,0.16077,4.91985
3/27/2014,1.2472,0.16071,4.91402
3/28/2014,1.247,0.16071,4.89602
3/29/2014,1.247,0.16071,4.89602
3/30/2014,1.247,0.16071,4.89602
3/31/2014,1.2461,0.16059,4.89891
4/1/2014,1.2483,0.16087,4.89463
4/2/2014,1.2483,0.16088,4.88538
4/3/2014,1.2472,0.16074,4.87238
4/4/2014,1.2469,0.16071,4.85745
4/5/2014,1.2469,0.16071,4.85745
4/6/2014,1.2469,0.16071,4.85745
4/7/2014,1.2469,0.16071,4.86163
4/8/2014,1.2494,0.16109,4.87556
4/9/2014,1.2484,0.16098,4.85504
4/10/2014,1.2463,0.16071,4.84042
4/11/2014,1.2467,0.16076,4.83747
4/12/2014,1.2467,0.16076,4.83747
4/13/2014,1.2467,0.16076,4.83747
4/14/2014,1.2449,0.16051,4.85169
4/15/2014,1.2444,0.16044,4.84991
4/16/2014,1.2444,0.16044,4.84478
4/17/2014,1.2452,0.16053,4.84043
4/18/2014,1.2441,0.16039,4.83809
4/19/2014,1.2441,0.16039,4.83809
4/20/2014,1.2441,0.16039,4.83809
4/21/2014,1.2429,0.16026,4.84992
4/22/2014,1.2412,0.16004,4.849
4/23/2014,1.241,0.16003,4.8515
4/24/2014,1.2387,0.15974,4.83658
4/25/2014,1.2378,0.15962,4.83495
4/26/2014,1.2378,0.15962,4.83495
4/27/2014,1.2378,0.15962,4.83495
4/28/2014,1.2378,0.15963,4.83391
4/29/2014,1.237,0.15953,4.82476
4/30/2014,1.2366,0.15948,4.8119
5/1/2014,1.2366,0.15948,4.82513
5/2/2014,1.2367,0.1595,4.81825
5/3/2014,1.2369,0.1595,4.81825
5/4/2014,1.2367,0.15934,4.81341
5/5/2014,1.2396,0.15986,4.81384
5/6/2014,1.2432,0.16032,4.83912
5/7/2014,1.2415,0.16012,4.8294
5/8/2014,1.2427,0.16028,4.83443
5/9/2014,1.2429,0.1603,4.83257
5/10/2014,1.2429,0.1603,4.83257
5/11/2014,1.2429,0.1603,4.83257
5/12/2014,1.241,0.16004,4.83091
5/13/2014,1.2425,0.16026,4.84103
5/14/2014,1.2429,0.16028,4.83507
5/15/2014,1.2424,0.16023,4.83865
5/16/2014,1.2416,0.16014,4.82857
5/17/2014,1.2418,0.16014,4.82857
5/18/2014,1.2418,0.16014,4.82857
5/19/2014,1.2408,0.16002,4.8247
5/20/2014,1.2408,0.16002,4.83246
5/21/2014,1.2416,0.16012,4.82956
5/22/2014,1.2416,0.16009,4.82462
5/23/2014,1.2415,0.16006,4.83057
5/24/2014,1.2415,0.16006,4.83057
5/25/2014,1.2415,0.16006,4.83057
5/26/2014,1.2407,0.15997,4.81715
5/27/2014,1.2387,0.15976,4.81924
5/28/2014,1.2373,0.15958,4.81097
5/29/2014,1.241,0.16002,4.81653
5/30/2014,1.2387,0.15974,4.79984
5/31/2014,1.2393,0.15981,4.80176
6/1/2014,1.2393,0.15981,4.80176
6/2/2014,1.2395,0.15981,4.80176
6/3/2014,1.2376,0.1596,4.79754
6/4/2014,1.2385,0.15973,4.80792
6/5/2014,1.2376,0.1596,4.80137
6/6/2014,1.2382,0.1597,4.80341
6/7/2014,1.2385,0.15973,4.80425
6/8/2014,1.2385,0.15973,4.80425
6/9/2014,1.2407,0.16001,4.80711
6/10/2014,1.243,0.16032,4.81699
6/11/2014,1.2429,0.16028,4.81343
6/12/2014,1.2449,0.16056,4.82339
6/13/2014,1.2463,0.16074,4.82255
6/14/2014,1.2463,0.16074,4.82255
6/15/2014,1.2463,0.16074,4.82255
6/16/2014,1.2433,0.16035,4.81977
6/17/2014,1.243,0.16031,4.81917
6/18/2014,1.2421,0.16019,4.80801
6/19/2014,1.2425,0.16027,4.80936
6/20/2014,1.2432,0.16035,4.81207
6/21/2014,1.2432,0.16035,4.81207
6/22/2014,1.2432,0.16035,4.81207
6/23/2014,1.243,0.16031,4.81485
6/24/2014,1.2422,0.16022,4.81102
6/25/2014,1.2416,0.16013,4.81153
6/26/2014,1.2432,0.16032,4.80802
6/27/2014,1.245,0.16058,4.81116
6/28/2014,1.245,0.16058,4.81116
6/29/2014,1.245,0.16058,4.81116
6/30/2014,1.2478,0.16096,4.80758
7/1/2014,1.248,0.16099,4.81873
7/2/2014,1.2461,0.16075,4.80686
7/3/2014,1.2456,0.16067,4.8092
7/4/2014,1.2473,0.1609,4.81021
7/5/2014,1.2473,0.1609,4.81021
7/6/2014,1.2473,0.1609,4.81021
7/7/2014,1.2472,0.16089,4.81401
7/8/2014,1.2478,0.16097,4.81505
7/9/2014,1.2483,0.16102,4.83753
7/10/2014,1.2477,0.16096,4.86987
7/11/2014,1.2475,0.16092,4.86869
7/12/2014,1.2475,0.16092,4.86869
7/13/2014,1.2475,0.16092,4.86869
7/14/2014,1.2469,0.16084,4.81969
7/15/2014,1.2464,0.16079,4.82941
7/16/2014,1.2472,0.16088,4.83727
7/17/2014,1.2472,0.16089,4.83348
7/18/2014,1.2466,0.16081,4.83002
7/19/2014,1.2466,0.16081,4.83002
7/20/2014,1.2466,0.16081,4.83002
7/21/2014,1.2466,0.16077,4.82139
7/22/2014,1.2477,0.1609,4.82389
7/23/2014,1.2488,0.16107,4.837
7/24/2014,1.2492,0.16114,4.82911
7/25/2014,1.2498,0.16123,4.84167
7/26/2014,1.2498,0.16123,4.84167
7/27/2014,1.2498,0.16123,4.84167
7/28/2014,1.2506,0.16133,4.84512
7/29/2014,1.2519,0.16148,4.84441
7/30/2014,1.2539,0.16175,4.85353
7/31/2014,1.2536,0.16171,4.85721
8/1/2014,1.2523,0.16154,4.84524
8/2/2014,1.2522,0.16154,4.84524
8/3/2014,1.2522,0.16154,4.84524
8/4/2014,1.2523,0.16155,4.85242
8/5/2014,1.2541,0.16178,4.85974
8/6/2014,1.2555,0.16196,4.86727
8/7/2014,1.2558,0.16199,4.86871
8/8/2014,1.2571,0.16215,4.86485
8/9/2014,1.2571,0.16215,4.86485
8/10/2014,1.2571,0.16215,4.86485
8/11/2014,1.2577,0.16221,4.87461
8/12/2014,1.2568,0.16209,4.8717
8/13/2014,1.2575,0.1622,4.87584
8/14/2014,1.2579,0.1622,4.87259
8/15/2014,1.259,0.1624,4.86716
8/16/2014,1.259,0.1624,4.86716
8/17/2014,1.259,0.1624,4.86716
8/18/2014,1.2596,0.16248,4.88026
8/19/2014,1.2601,0.16254,4.88273
8/20/2014,1.2601,0.16254,4.88321
8/21/2014,1.258,0.16229,4.87666
8/22/2014,1.2577,0.16225,4.87044
8/23/2014,1.2577,0.16225,4.87044
8/24/2014,1.2577,0.16225,4.87044
8/25/2014,1.2571,0.16216,4.86881
8/26/2014,1.2577,0.16225,4.8711
8/27/2014,1.2594,0.16248,4.8714
8/28/2014,1.2598,0.1625,4.8687
8/29/2014,1.2598,0.1625,4.86967
8/30/2014,1.2598,0.1625,4.86967
8/31/2014,1.2598,0.1625,4.86967
9/1/2014,1.2594,0.16246,4.86784
9/2/2014,1.2587,0.16236,4.86662
9/3/2014,1.2601,0.16254,4.87346
9/4/2014,1.2607,0.16263,4.87363
9/5/2014,1.2601,0.16255,4.86199
9/6/2014,1.2601,0.16255,4.86199
9/7/2014,1.2601,0.16255,4.86199
9/8/2014,1.2601,0.16255,4.87646
9/9/2014,1.261,0.16267,4.88035
9/10/2014,1.2623,0.16285,4.88878
9/11/2014,1.2623,0.16283,4.89392
9/12/2014,1.2614,0.16271,4.89188
9/13/2014,1.2614,0.16271,4.89196
9/14/2014,1.2614,0.16271,4.89196
9/15/2014,1.2599,0.1625,4.89194
9/16/2014,1.2591,0.1624,4.89745
9/17/2014,1.2606,0.16258,4.92229
9/18/2014,1.2602,0.16254,4.91751
9/19/2014,1.2604,0.16257,4.91392
9/20/2014,1.2604,0.16257,4.91392
9/21/2014,1.2604,0.16257,4.91392
9/22/2014,1.2601,0.16253,4.92223
9/23/2014,1.2609,0.16263,4.91755
9/24/2014,1.2617,0.16273,4.92165
9/25/2014,1.2612,0.16267,4.93013
9/26/2014,1.2641,0.16292,4.93801
9/27/2014,1.2642,0.16292,4.93801
9/28/2014,1.2645,0.16297,4.93954
9/29/2014,1.2609,0.16233,4.95106
9/30/2014,1.2633,0.16259,4.94838
10/1/2014,1.2601,0.16224,4.94662
10/2/2014,1.2629,0.16259,4.95244
10/3/2014,1.2617,0.16259,4.94838
10/5/2014,1.262,0.16259,4.94838
10/6/2014,1.2614,0.16259,4.94756
10/7/2014,1.2614,0.16259,4.95033
10/8/2014,1.2615,0.16261,4.93675
10/9/2014,1.2631,0.16283,4.9483
10/10/2014,1.2633,0.16281,4.95059
10/11/2014,1.2636,0.16283,4.9514
10/12/2014,1.2636,0.16283,4.9514
10/13/2014,1.2644,0.16294,4.96065
10/14/2014,1.2645,0.16298,4.95901
10/15/2014,1.2641,0.16295,4.95674
10/16/2014,1.2649,0.16302,4.95647
10/17/2014,1.2645,0.16297,4.95274
10/18/2014,1.2649,0.16299,4.95355
10/19/2014,1.2649,0.16299,4.95355
10/20/2014,1.2647,0.16299,4.94849
10/21/2014,1.2647,0.16302,4.95517
10/22/2014,1.2658,0.16316,4.95807
10/23/2014,1.2657,0.16312,4.95873
10/24/2014,1.2663,0.16319,4.96255
10/25/2014,1.2661,0.16319,4.96255
10/26/2014,1.2661,0.16319,4.96255
10/27/2014,1.2661,0.16319,4.96108
10/28/2014,1.2669,0.16329,4.96326
10/29/2014,1.2671,0.16334,4.96129
10/30/2014,1.2661,0.16322,4.96173
10/31/2014,1.2668,0.16331,4.97665
11/1/2014,1.2668,0.16331,4.97665
11/2/2014,1.2665,0.16327,4.97543
11/3/2014,1.2653,0.16315,4.97357
11/4/2014,1.2657,0.16323,4.98433
11/5/2014,1.2658,0.16325,4.99535
11/6/2014,1.2663,0.1633,4.99747
11/7/2014,1.2641,0.16301,4.98639
11/8/2014,1.2641,0.16301,4.98639
11/9/2014,1.2641,0.16301,4.98639
11/10/2014,1.2649,0.1631,4.98891
11/11/2014,1.2639,0.16297,5.00538
11/12/2014,1.2637,0.16293,5.00945
11/13/2014,1.2641,0.16297,5.01125
11/14/2014,1.2629,0.16283,5.00204
11/15/2014,1.2629,0.16283,5.00204
11/16/2014,1.2629,0.16283,5.00204
11/17/2014,1.2642,0.16298,5.00921
11/18/2014,1.2649,0.16307,5.01826
11/19/2014,1.2652,0.16311,5.03597
11/20/2014,1.2644,0.16299,5.04222
11/21/2014,1.2644,0.16298,5.03773
11/22/2014,1.2644,0.16298,5.03773
11/23/2014,1.2644,0.16298,5.03773
11/24/2014,1.2606,0.16248,5.0351
11/25/2014,1.2618,0.16266,5.0244
11/26/2014,1.2612,0.16261,5.02407
11/27/2014,1.261,0.16262,5.03277
11/28/2014,1.2601,0.16249,5.03697
11/29/2014,1.2602,0.16249,5.03697
11/30/2014,1.2602,0.16249,5.03697
12/1/2014,1.2585,0.16223,5.05102
12/2/2014,1.259,0.1623,5.04829
12/3/2014,1.2585,0.16228,5.0538
12/4/2014,1.2575,0.16217,5.04403
12/5/2014,1.2585,0.16231,5.07166
12/6/2014,1.2583,0.16231,5.07166
12/7/2014,1.2583,0.16231,5.07166
12/8/2014,1.2536,0.1617,5.05845
12/9/2014,1.2516,0.1614,5.0259
12/10/2014,1.253,0.16161,5.04048
12/11/2014,1.2506,0.16129,5.03395
12/12/2014,1.2511,0.16133,5.05937
12/13/2014,1.2511,0.16133,5.05937
12/14/2014,1.2511,0.16133,5.05937
12/15/2014,1.2502,0.16122,5.05409
12/16/2014,1.2506,0.16126,5.04096
12/17/2014,1.2491,0.16105,5.04413
12/18/2014,1.2456,0.16056,5.04463
12/19/2014,1.2446,0.16042,5.05807
12/20/2014,1.2441,0.16042,5.05807
12/21/2014,1.2441,0.16042,5.05807
12/22/2014,1.2441,0.16036,5.06423
12/23/2014,1.2441,0.16031,5.09138
12/24/2014,1.2461,0.16058,5.11449
12/25/2014,1.2494,0.16099,5.12767
12/26/2014,1.2469,0.16066,5.10089
12/27/2014,1.2472,0.16066,5.10089
12/28/2014,1.2472,0.16066,5.10089
12/29/2014,1.2447,0.16039,5.09551
12/30/2014,1.2484,0.1609,5.09904
12/31/2014,1.248,0.16087,5.08976
1/1/2015,1.248,0.1609,5.09091
1/2/2015,1.2483,0.1609,5.11826
1/3/2015,1.2481,0.1609,5.11826
1/4/2015,1.2481,0.16071,5.11201
1/5/2015,1.2447,0.16045,5.14088
1/6/2015,1.246,0.16065,5.14225
1/7/2015,1.2461,0.16066,5.13945
1/8/2015,1.2458,0.16061,5.13941
1/9/2015,1.2467,0.16076,5.1315
1/10/2015,1.2469,0.16076,5.1315
1/11/2015,1.2469,0.16076,5.1315
1/12/2015,1.248,0.1609,5.128
1/13/2015,1.2489,0.16103,5.13052
1/14/2015,1.2494,0.1611,5.12292
1/15/2015,1.2508,0.16132,5.10405
1/16/2015,1.247,0.16081,5.06079
1/17/2015,1.2472,0.16081,5.06079
1/18/2015,1.2472,0.16081,5.06079
1/19/2015,1.2442,0.16045,5.05744
1/20/2015,1.2456,0.16063,5.08537
1/21/2015,1.2463,0.1607,5.06034
1/22/2015,1.2466,0.16074,5.05192
1/23/2015,1.2425,0.16025,5.00938
1/24/2015,1.2425,0.16025,5.00938
1/25/2015,1.2427,0.16025,5.00938
1/26/2015,1.2369,0.15954,4.99848
1/27/2015,1.2393,0.15983,4.96763
1/28/2015,1.2387,0.15977,4.98962
1/29/2015,1.239,0.1598,5.04954
1/30/2015,1.2375,0.1596,5.06265
1/31/2015,1.2375,0.1596,5.06265
2/1/2015,1.2375,0.1596,5.06265
2/2/2015,1.2364,0.15943,5.03802
2/3/2015,1.2372,0.15952,5.01515
2/4/2015,1.239,0.15977,5.02636
2/5/2015,1.2379,0.15966,5.02275
2/6/2015,1.2396,0.15987,5.06155
2/7/2015,1.2396,0.15987,5.06155
2/8/2015,1.2396,0.15987,5.06155
2/9/2015,1.239,0.15978,5.04434
2/10/2015,1.2404,0.15992,5.04878
2/11/2015,1.2402,0.1599,5.05277
2/12/2015,1.2401,0.15985,4.9984
2/13/2015,1.241,0.15997,5.01504
2/14/2015,1.241,0.15997,5.01504
2/15/2015,1.241,0.15983,5.01063
2/16/2015,1.2398,0.15974,5.02236
2/17/2015,1.2379,0.15955,5.04188
2/18/2015,1.2381,0.15955,5.04986
2/19/2015,1.2379,0.15955,5.07379
2/20/2015,1.2378,0.15955,5.06422
2/21/2015,1.2382,0.15955,5.06422
2/22/2015,1.2382,0.15955,5.06422
2/23/2015,1.2378,0.15955,5.06582
2/24/2015,1.2378,0.15955,5.04667
2/25/2015,1.2366,0.15943,5.01236
2/26/2015,1.237,0.15948,5.0189
2/27/2015,1.2347,0.15921,5.00709
2/28/2015,1.2347,0.15918,5.00629
3/1/2015,1.2347,0.15918,5.00629
3/2/2015,1.2341,0.15911,5.00096
3/3/2015,1.2338,0.15907,4.98688
3/4/2015,1.2346,0.15917,5.00263
3/5/2015,1.2356,0.15929,5.01911
3/6/2015,1.2366,0.15936,5.03729
3/7/2015,1.2366,0.15936,5.03729
3/8/2015,1.2366,0.15936,5.03729
3/9/2015,1.2364,0.15932,5.02191
3/10/2015,1.2369,0.15939,5.05109
3/11/2015,1.2369,0.15936,5.05315
3/12/2015,1.2379,0.15937,5.03594
3/13/2015,1.2384,0.15941,5.055
3/14/2015,1.2387,0.15941,5.055
3/15/2015,1.2376,0.15935,5.05298
3/16/2015,1.2378,0.15938,5.04104
3/17/2015,1.2405,0.15973,5.03314
3/18/2015,1.243,0.16021,5.01626
3/19/2015,1.2502,0.16109,5.07096
3/20/2015,1.2472,0.16071,5.03825
3/21/2015,1.2473,0.16074,5.03906
3/22/2015,1.2473,0.16074,5.03906
3/23/2015,1.2455,0.16056,5.02216
3/24/2015,1.2475,0.16083,5.0242
3/25/2015,1.2461,0.16065,5.01856
3/26/2015,1.2464,0.1607,5.02338
3/27/2015,1.2449,0.16052,5.0049
3/28/2015,1.245,0.16052,5.0049
3/29/2015,1.245,0.16052,5.0049
3/30/2015,1.2472,0.1608,5.02822
3/31/2015,1.2495,0.16111,5.03633
4/1/2015,1.2488,0.16102,5.03188
4/2/2015,1.2489,0.16105,5.00048
4/3/2015,1.2491,0.1611,4.98437
4/4/2015,1.2491,0.1611,4.98437
4/5/2015,1.2495,0.16115,4.98598
4/6/2015,1.2497,0.16115,4.98437
4/7/2015,1.2484,0.16102,5.0029
4/8/2015,1.2473,0.16091,5.00587
4/9/2015,1.2469,0.16084,5.023
4/10/2015,1.2464,0.16079,5.02299
4/11/2015,1.2464,0.16079,5.02299
4/12/2015,1.2464,0.16079,5.02299
4/13/2015,1.2447,0.16056,5.03018
4/14/2015,1.2458,0.16069,5.01832
4/15/2015,1.2472,0.16085,5.01858
4/16/2015,1.2491,0.1611,5.00854
4/17/2015,1.2486,0.16103,4.99525
4/18/2015,1.2486,0.16103,4.99525
4/19/2015,1.2486,0.16103,4.99525
4/20/2015,1.2477,0.16094,5.0037
4/21/2015,1.2475,0.16092,5.00306
4/22/2015,1.2491,0.16114,5.01136
4/23/2015,1.2484,0.16105,4.99243
4/24/2015,1.2492,0.16115,4.95053
4/25/2015,1.2492,0.16115,4.95053
4/26/2015,1.2492,0.16115,4.95053
4/27/2015,1.2436,0.16043,4.88177
4/28/2015,1.2469,0.16084,4.89755
4/29/2015,1.248,0.16099,4.89568
4/30/2015,1.2478,0.16097,4.93046
5/1/2015,1.2473,0.1609,4.94779
5/2/2015,1.2473,0.1609,4.94779
5/3/2015,1.2473,0.1609,4.94779
5/4/2015,1.2463,0.16073,4.94407
5/5/2015,1.2469,0.16084,4.92971
5/6/2015,1.2483,0.16098,4.92603
5/7/2015,1.2473,0.16083,4.95344
5/8/2015,1.2467,0.16075,4.93659
5/9/2015,1.2466,0.16075,4.93659
5/10/2015,1.2466,0.16075,4.93659
5/11/2015,1.2464,0.16074,4.95065
5/12/2015,1.2464,0.16075,4.94302
5/13/2015,1.2475,0.16088,4.93412
5/14/2015,1.2478,0.16096,4.91397
5/15/2015,1.2466,0.1608,4.89315
5/16/2015,1.2466,0.1608,4.89315
5/17/2015,1.2467,0.1608,4.89315
5/18/2015,1.2473,0.16088,4.90838
5/19/2015,1.247,0.16083,4.91002
5/20/2015,1.2475,0.16089,4.90234
5/21/2015,1.2492,0.16107,4.89981
5/22/2015,1.2486,0.16102,4.90629
5/23/2015,1.2486,0.16102,4.90629
5/24/2015,1.2486,0.16102,4.90629
5/25/2015,1.2478,0.16093,4.90835
5/26/2015,1.2475,0.16088,4.93589
5/27/2015,1.2486,0.16095,4.93627
5/28/2015,1.2483,0.16096,4.93328
5/29/2015,1.2489,0.16103,4.96787
5/30/2015,1.2489,0.16103,4.96787
5/31/2015,1.2489,0.16103,4.96787
6/1/2015,1.2491,0.16099,4.97633
6/2/2015,1.2494,0.16105,4.96022
6/3/2015,1.2489,0.16104,4.95692
6/4/2015,1.2481,0.16097,4.97553
6/5/2015,1.2478,0.1609,4.99582
6/6/2015,1.2478,0.1609,4.99582
6/7/2015,1.2478,0.1609,4.99582
6/8/2015,1.2472,0.16084,5.00048
6/9/2015,1.2472,0.16083,5.01158
6/10/2015,1.2472,0.16083,4.96486
6/11/2015,1.247,0.16081,4.97556
6/12/2015,1.2467,0.16077,4.9709
6/13/2015,1.2467,0.16077,4.9709
6/14/2015,1.2467,0.16077,4.9709
6/15/2015,1.2466,0.16076,4.96913
6/16/2015,1.2469,0.16077,4.96471
6/17/2015,1.2467,0.16077,4.95828
6/18/2015,1.247,0.16081,4.94018
6/19/2015,1.2464,0.16075,4.9398
6/20/2015,1.2464,0.16075,4.9398
6/21/2015,1.2464,0.16075,4.9398
6/22/2015,1.2464,0.16076,4.94502
6/23/2015,1.247,0.16082,4.96607
6/24/2015,1.247,0.1608,4.98167
6/25/2015,1.2464,0.16075,4.97685
6/26/2015,1.2466,0.16076,4.98344
6/27/2015,1.2466,0.16076,4.98344
6/28/2015,1.2466,0.16076,4.98344
6/29/2015,1.2466,0.16077,4.96455
6/30/2015,1.2481,0.16096,4.97521
7/1/2015,1.2478,0.16094,4.98439
7/2/2015,1.2472,0.16086,4.96566
7/3/2015,1.2472,0.16084,4.96832
7/4/2015,1.2473,0.16084,4.96832
7/5/2015,1.2473,0.16084,4.96832
7/6/2015,1.2467,0.16075,4.97211
7/7/2015,1.2469,0.16072,4.99526
7/8/2015,1.2466,0.16075,4.99285
7/9/2015,1.2464,0.16076,4.99325
7/10/2015,1.2463,0.16075,4.98642
7/11/2015,1.2464,0.16075,4.98642
7/12/2015,1.2464,0.16075,4.98642
7/13/2015,1.2466,0.16077,4.9967
7/14/2015,1.2464,0.16076,4.98843
7/15/2015,1.2463,0.16075,4.99928
7/16/2015,1.2463,0.16075,4.99462
7/17/2015,1.2463,0.16075,5.00097
7/18/2015,1.2463,0.16075,5.00097
7/19/2015,1.2463,0.16075,5.00097
7/20/2015,1.2463,0.16074,5.01977
7/21/2015,1.2461,0.16074,5.01198
7/22/2015,1.2463,0.16074,5.02001
7/23/2015,1.2463,0.16075,5.02813
7/24/2015,1.2463,0.16075,5.05867
7/25/2015,1.2464,0.16075,5.05867
7/26/2015,1.2464,0.16075,5.05867
7/27/2015,1.2461,0.16073,5.07265
7/28/2015,1.2463,0.16075,5.06671
7/29/2015,1.2464,0.16075,5.06374
7/30/2015,1.2464,0.16075,5.07796
7/31/2015,1.2464,0.16074,5.09218
8/1/2015,1.2463,0.16074,5.09218
8/2/2015,1.2463,0.16074,5.09218
8/3/2015,1.2466,0.16073,5.09684
8/4/2015,1.2466,0.16074,5.09709
8/5/2015,1.2464,0.16074,5.09532
8/6/2015,1.2463,0.16074,5.08262
8/7/2015,1.2464,0.16074,5.09066
8/8/2015,1.2466,0.16074,5.09066
8/9/2015,1.2466,0.16074,5.09066
8/10/2015,1.2464,0.16073,5.07434
8/11/2015,1.2247,0.15784,5.07292
8/12/2015,1.2121,0.15626,5.02985
8/13/2015,1.2095,0.15596,5.01419
8/14/2015,1.2115,0.15618,5.03061
8/15/2015,1.2115,0.15618,5.03061
8/16/2015,1.2115,0.15618,5.03061
8/17/2015,1.2104,0.15606,5.05478
8/18/2015,1.2107,0.1561,5.06689
8/19/2015,1.2102,0.15605,5.08403
8/20/2015,1.2112,0.15622,5.09272
8/21/2015,1.2112,0.15622,5.09896
8/22/2015,1.2111,0.15622,5.09896
8/23/2015,1.2111,0.15622,5.09896
8/24/2015,1.2085,0.15584,5.12249
8/25/2015,1.2067,0.15565,5.08031
8/26/2015,1.2069,0.15568,5.05503
8/27/2015,1.2079,0.15582,5.02976
8/28/2015,1.2105,0.15616,5.05325
8/29/2015,1.2105,0.15616,5.05325
8/30/2015,1.2105,0.15616,5.05325
8/31/2015,1.2132,0.15649,5.07957
9/1/2015,1.2155,0.15682,5.08257
9/2/2015,1.2168,0.15699,5.09757
9/3/2015,1.217,0.15699,5.10542
9/4/2015,1.217,0.15699,5.13211
9/6/2015,1.2167,0.1568,5.12575
9/7/2015,1.2151,0.15675,5.13817
9/8/2015,1.2151,0.15672,5.09035
9/9/2015,1.213,0.15646,5.08504
9/10/2015,1.213,0.15649,5.0561
9/11/2015,1.2133,0.15652,5.0792
9/13/2015,1.2133,0.15652,5.0792
9/14/2015,1.2146,0.1567,5.09128
9/15/2015,1.2146,0.1567,5.09269
9/16/2015,1.2143,0.15666,5.08209
9/17/2015,1.2152,0.15677,5.07627
9/18/2015,1.2157,0.15683,5.07826
9/19/2015,1.2157,0.15683,5.07826
9/20/2015,1.2157,0.15683,5.07826
9/21/2015,1.2146,0.1567,5.11768
9/22/2015,1.2134,0.15655,5.15201
9/23/2015,1.212,0.15636,5.1598
9/24/2015,1.2126,0.15642,5.18075
9/25/2015,1.2136,0.15656,5.182
9/26/2015,1.2146,0.15656,5.182
9/27/2015,1.2136,0.15656,5.182
9/28/2015,1.2146,0.15671,5.19652
9/29/2015,1.2158,0.15685,5.18531
9/30/2015,1.2171,0.15702,5.18002
10/1/2015,1.217,0.15699,5.14938
10/2/2015,1.217,0.15699,5.13525
10/3/2015,1.217,0.15699,5.13525
10/4/2015,1.217,0.15699,5.13525
10/5/2015,1.217,0.15699,5.09757
10/6/2015,1.2167,0.15697,5.11718
10/7/2015,1.2167,0.15697,5.0952
10/8/2015,1.2179,0.15712,5.08901
10/9/2015,1.2197,0.15734,5.08048
10/10/2015,1.2197,0.15735,5.08088
10/11/2015,1.2197,0.15735,5.08088
10/12/2015,1.2235,0.15785,5.10339
10/13/2015,1.22,0.15738,5.11945
10/14/2015,1.2188,0.15724,5.08656
10/15/2015,1.2194,0.1573,5.02894
10/16/2015,1.2179,0.15712,5.06073
10/17/2015,1.2179,0.15712,5.06073
10/18/2015,1.2179,0.15712,5.06073
10/19/2015,1.2165,0.15694,5.09754
10/20/2015,1.2188,0.15724,5.08672
10/21/2015,1.2189,0.15724,5.10716
10/22/2015,1.217,0.15701,5.09483
10/23/2015,1.2183,0.15718,5.10672
10/24/2015,1.2183,0.15718,5.10672
10/25/2015,1.2183,0.15718,5.10672
10/26/2015,1.2177,0.1571,5.08547
10/27/2015,1.2177,0.15711,5.09968
10/28/2015,1.2167,0.15697,5.11247
10/29/2015,1.2171,0.15703,5.11133
10/30/2015,1.2244,0.15796,5.12274
10/31/2015,1.2244,0.15796,5.12274
11/1/2015,1.2244,0.15796,5.12274
11/2/2015,1.2204,0.15744,5.11359
11/3/2015,1.2207,0.15748,5.11008
11/4/2015,1.2212,0.15753,5.10854
11/5/2015,1.2195,0.1573,5.10122
11/6/2015,1.218,0.15712,5.13928
11/9/2015,1.2162,0.15687,5.14534
11/10/2015,1.2165,0.15691,5.14028
11/11/2015,1.2154,0.15677,5.12644
11/12/2015,1.2149,0.15672,5.1311
11/13/2015,1.214,0.1566,5.14274
11/14/2015,1.214,0.1566,5.14274
11/15/2015,1.214,0.1566,5.14274
11/16/2015,1.2143,0.15665,5.14122
11/17/2015,1.213,0.15648,5.13081
11/18/2015,1.2118,0.15633,5.11975
11/19/2015,1.212,0.15635,5.08146
11/20/2015,1.2115,0.1563,5.083
11/21/2015,1.2117,0.1563,5.083
11/22/2015,1.2117,0.1563,5.083
11/23/2015,1.2108,0.15621,5.097
11/24/2015,1.2111,0.15623,5.07124
11/25/2015,1.2109,0.15622,5.07397
11/26/2015,1.2109,0.15621,5.08138
11/27/2015,1.2099,0.15607,5.10355
11/28/2015,1.2099,0.15607,5.10355
11/29/2015,1.2099,0.15607,5.10355
11/30/2015,1.2092,0.156,5.10273
12/1/2015,1.2095,0.15599,5.08673
12/2/2015,1.2092,0.15599,5.11949
12/3/2015,1.2093,0.15601,5.09376
12/4/2015,1.2086,0.15591,5.10462
12/5/2015,1.2086,0.15591,5.10462
12/6/2015,1.2086,0.15591,5.10462
12/7/2015,1.2073,0.15576,5.12437
12/8/2015,1.2055,0.15551,5.12262
12/9/2015,1.2035,0.15526,5.10643
12/10/2015,1.2018,0.15502,5.07681
12/11/2015,1.1983,0.15459,5.10906
12/12/2015,1.1983,0.15459,5.10906
12/13/2015,1.1983,0.15459,5.10906
12/14/2015,1.1979,0.15452,5.08228
12/15/2015,1.1972,0.15444,5.05645
12/16/2015,1.1952,0.15418,5.04942
12/17/2015,1.1937,0.15394,5.07697
12/18/2015,1.194,0.15399,5.06776
12/19/2015,1.194,0.15399,5.06776
12/20/2015,1.194,0.15399,5.06776
12/21/2015,1.194,0.15399,5.06637
12/22/2015,1.1947,0.15406,5.05931
12/23/2015,1.1946,0.15408,5.06472
12/24/2015,1.1949,0.15413,5.05225
12/25/2015,1.1949,0.15412,5.05202
12/26/2015,1.1949,0.15412,5.05202
12/27/2015,1.1949,0.15412,5.05202
12/28/2015,1.1925,0.15382,5.03923
12/29/2015,1.1929,0.15389,5.05063
12/30/2015,1.1923,0.1538,5.06937
12/31/2015,1.1915,0.1537,5.05995
